time,term_id,address,lat,long,num_bikes,num_empty_docks,obj_id,term_num,installed,locked,install_date,removal_date,temp_install
2019-03-30 14:49:00,73,12th & Newton St NE,38.933668,-76.991016,0,11,249314538,31501,YES,NO,,,NO
2019-03-30 14:49:00,74,US Dept of State / Virginia Ave & 21st St NW,38.894919,-77.046587,4,10,249314539,31220,YES,NO,,,NO
2019-03-30 14:49:00,75,L'Enfant Plaza / 7th & C St SW,38.886266,-77.022241,6,5,249314540,31218,YES,NO,,,NO
2019-03-30 14:49:00,76,10th St & Constitution Ave NW,38.893028,-77.02601299999999,30,0,249314541,31219,YES,NO,,,NO
2019-03-30 14:49:00,77,Kennedy Center,38.897293,-77.05557,14,2,249314542,31211,YES,NO,,,NO
2019-03-30 14:49:00,78,Eastern Market Metro / Pennsylvania Ave & 7th St SE,38.884,-76.995397,7,12,249314543,31613,YES,NO,,,NO
2019-03-30 14:49:00,79,18th & M St NW,38.905066999999995,-77.04177899999999,8,16,249314544,31221,YES,NO,,,NO
2019-03-30 14:49:00,80,Tenleytown / Wisconsin Ave & Albemarle St NW,38.947607,-77.079382,1,12,249314545,31303,YES,NO,,,NO
2019-03-30 14:49:00,81,13th & H St NE,38.900022,-76.988422,14,9,249314546,31611,YES,NO,,,NO
2019-03-30 14:49:00,82,5th & F St NW,38.897222,-77.019347,0,28,249314547,31620,YES,NO,,,NO
2019-03-30 14:49:00,83,New York Ave & 15th St NW,38.899032,-77.033354,12,6,249314548,31222,YES,NO,,,NO
2019-03-30 14:49:00,84,Convention Center / 7th & M St NW,38.905736999999995,-77.02226999999999,12,9,249314549,31223,YES,NO,,,NO
2019-03-30 14:49:00,85,Harvard St & Adams Mill Rd NW,38.927872,-77.043358,4,10,249314550,31112,YES,NO,,,NO
2019-03-30 14:49:00,86,19th & L St NW,38.903407,-77.04364799999999,0,13,249314551,31224,YES,NO,,,NO
2019-03-30 14:49:00,87,C & O Canal & Wisconsin Ave NW,38.903749999999995,-77.06269,22,1,249314552,31225,YES,NO,,,NO
2019-03-30 14:49:00,88,Maine Ave & 7th St SW,38.878693999999996,-77.023054,3,15,249314553,31609,YES,NO,,,NO
2019-03-30 14:49:00,89,D St & Maryland Ave NE,38.894757999999996,-76.997114,2,19,249314554,31612,YES,NO,,,NO
2019-03-30 14:49:00,90,34th St & Wisconsin Ave NW,38.916441999999996,-77.0682,0,8,249314555,31226,YES,NO,,,NO
2019-03-30 14:49:00,92,8th & H St NW,38.8997,-77.02308599999999,18,13,249314556,31228,YES,NO,,,NO
2019-03-30 14:49:00,93,10th & Monroe St NE,38.932514,-76.99288899999999,0,11,249314557,31504,YES,NO,,,NO
2019-03-30 14:49:00,94,Eckington Pl & Q St NE,38.910972,-77.00495,6,16,249314558,31505,YES,NO,,,NO
2019-03-30 14:49:00,95,6th & H St NE,38.899972,-76.998347,4,19,249314559,31615,YES,NO,,,NO
2019-03-30 14:49:00,96,3rd & H St NE,38.900411999999996,-77.001949,4,15,249314560,31616,YES,NO,,,NO
2019-03-30 14:49:00,97,Bladensburg Rd & Benning Rd NE,38.900413,-76.982872,7,7,249314561,31617,YES,NO,,,NO
2019-03-30 14:49:00,98,4th & East Capitol St NE,38.889955,-77.000349,4,6,249314562,31618,YES,NO,,,NO
2019-03-30 14:49:00,99,Lincoln Park / 13th & East Capitol St NE,38.890460999999995,-76.988355,10,12,249314563,31619,YES,NO,,,NO
2019-03-30 14:49:00,100,Branch & Pennsylvania Ave SE,38.8692,-76.9599,3,8,249314564,31701,YES,NO,,,NO
2019-03-30 14:49:00,101,13th & D St NE,38.894832,-76.987633,5,26,249314565,31622,YES,NO,,,NO
2019-03-30 14:49:00,102,New Hampshire Ave & T St NW,38.91554,-77.03818,1,19,249314566,31229,YES,NO,,,NO
2019-03-30 14:49:00,103,Metro Center / 12th & G St NW,38.898364,-77.027869,18,20,249314567,31230,YES,NO,,,NO
2019-03-30 14:49:00,104,14th & D St NW / Ronald Reagan Building,38.894514,-77.031617,23,0,249314568,31231,YES,NO,,,NO
2019-03-30 14:49:00,105,7th & F St NW / National Portrait Gallery,38.897312,-77.022325,10,16,249314569,31232,YES,NO,,,NO
2019-03-30 14:49:00,107,20th & O St NW / Dupont South,38.908905,-77.04478,12,5,249314570,31234,YES,NO,,,NO
2019-03-30 14:49:00,108,4th & D St NW / Judiciary Square,38.895344,-77.016106,0,13,249314571,31621,YES,NO,,,NO
2019-03-30 14:49:00,109,19th St & Constitution Ave NW,38.8923,-77.0436,28,3,249314572,31235,YES,NO,,,NO
2019-03-30 14:49:00,110,37th & O St NW / Georgetown University,38.90774,-77.071652,0,22,249314573,31236,YES,NO,,,NO
2019-03-30 14:49:00,111,11th & H St NE,38.899983,-76.991383,9,9,249314574,31614,YES,NO,,,NO
2019-03-30 14:49:00,112,25th St & Pennsylvania Ave NW,38.903827,-77.053485,9,5,249314575,31237,YES,NO,,,NO
2019-03-30 14:49:00,113,Columbus Circle / Union Station,38.89696,-77.00493,26,23,249314576,31623,YES,NO,,,NO
2019-03-30 14:49:00,114,North Capitol St & F St NW,38.897445999999995,-77.00988799999999,2,19,249314577,31624,YES,NO,,,NO
2019-03-30 14:49:00,115,11th & M St NW,38.905606999999996,-77.027137,1,18,249314578,31266,YES,NO,,,NO
2019-03-30 14:49:00,116,36th & Calvert St NW / Glover Park,38.922581,-77.070334,2,13,249314579,31304,YES,NO,,,NO
2019-03-30 14:49:00,117,14th & G St NW,38.898409,-77.03227799999999,21,2,249314580,31238,YES,NO,,,NO
2019-03-30 14:49:00,118,Potomac Ave & 35th St S,38.844015,-77.05053699999999,11,10,249314581,31052,YES,NO,,,NO
2019-03-30 14:49:00,124,Ohio Dr & West Basin Dr SW / MLK & FDR Memorials,38.884119999999996,-77.04657,20,0,249314582,31240,YES,NO,,,NO
2019-03-30 14:49:00,125,11th & F St NW,38.897856999999995,-77.026975,6,9,249314583,31262,YES,NO,,,NO
2019-03-30 14:49:00,126,23rd & E St NW,38.896104,-77.049882,0,19,249314584,31260,YES,NO,,,NO
2019-03-30 14:49:00,127,Lynn St & 19th St North,38.897315,-77.070993,0,27,249314585,31014,YES,NO,,,NO
2019-03-30 14:49:00,128,Rosslyn Metro / Wilson Blvd & Ft Myer Dr,38.894600000000004,-77.072305,0,17,249314586,31015,YES,NO,,,NO
2019-03-30 14:49:00,129,Clarendon Blvd & Pierce St,38.893437999999996,-77.07638899999999,0,13,249314587,31016,YES,NO,,,NO
2019-03-30 14:49:00,130,Wilson Blvd & N Uhle St,38.891695999999996,-77.08460000000001,2,13,249314588,31017,YES,NO,,,NO
2019-03-30 14:49:00,131,Rhodes St & 16th St N,38.892164,-77.079375,0,11,249314589,31018,YES,NO,,,NO
2019-03-30 14:49:00,132,Fairfax Village,38.86559,-76.952103,3,11,249314590,31706,YES,NO,,,NO
2019-03-30 14:49:00,133,21st St & Constitution Ave NW,38.892458999999995,-77.046567,4,11,249314591,31261,YES,NO,,,NO
2019-03-30 14:49:00,134,Wilson Blvd & N Edgewood St,38.889,-77.0925,2,13,249314592,31019,YES,NO,,,NO
2019-03-30 14:49:00,135,Columbia Rd & Belmont St NW,38.920669,-77.04368,0,17,249314593,31113,YES,NO,,,NO
2019-03-30 14:49:00,136,Rhode Island & Connecticut Ave NW,38.905995999999995,-77.039802,16,6,249314594,31239,YES,NO,,,NO
2019-03-30 14:49:00,137,Thomas Circle,38.9059,-77.0325,0,31,249314595,31241,YES,NO,,,NO
2019-03-30 14:49:00,138,Wilson Blvd & N Franklin Rd,38.8904,-77.08890000000001,1,8,249314596,31020,YES,NO,,,NO
2019-03-30 14:49:00,139,Clarendon Blvd & N Fillmore St,38.8881,-77.09308,2,13,249314597,31021,YES,NO,,,NO
2019-03-30 14:49:00,140,Clarendon Metro / Wilson Blvd & N Highland St,38.887859999999996,-77.094875,3,13,249314598,31022,YES,NO,,,NO
2019-03-30 14:49:00,141,18th St & Pennsylvania Ave NW,38.89968,-77.041539,10,16,249314599,31242,YES,NO,,,NO
2019-03-30 14:49:00,142,4th & C St SW,38.886372,-77.017701,15,24,249314600,31243,YES,NO,,,NO
2019-03-30 14:49:00,143,4th & E St SW,38.884119999999996,-77.017445,3,15,249314601,31244,YES,NO,,,NO
2019-03-30 14:49:00,144,3rd & G St SE,38.881184999999995,-77.001828,9,9,249314602,31625,YES,NO,,,NO
2019-03-30 14:49:00,145,7th & R St NW / Shaw Library,38.912718999999996,-77.022155,1,11,249314603,31245,YES,NO,,,NO
2019-03-30 14:49:00,146,9th & Upshur St NW,38.9418,-77.02510000000001,4,11,249314604,31404,YES,NO,,,NO
2019-03-30 14:49:00,147,1st & Rhode Island Ave NW,38.915417,-77.012289,0,12,249314605,31506,YES,NO,,,NO
2019-03-30 14:49:00,148,Columbia Rd & Georgia Ave NW,38.928121,-77.02379499999999,0,17,249314606,31115,YES,NO,,,NO
2019-03-30 14:49:00,149,California St & Florida Ave NW,38.917761,-77.04061999999999,2,17,249314607,31116,YES,NO,,,NO
2019-03-30 14:49:00,150,Benning Rd & East Capitol St NE / Benning Rd Metro,38.889935,-76.93723,5,13,249314608,31707,YES,NO,,,NO
2019-03-30 14:49:00,151,3000 Connecticut Ave NW / National Zoo,38.930282,-77.055599,0,14,249314609,31307,YES,NO,,,NO
2019-03-30 14:49:00,152,Anacostia Ave & Benning Rd NE / River Terrace,38.896544,-76.96012,5,9,249314610,31708,YES,NO,,,NO
2019-03-30 14:49:00,153,M St & Pennsylvania Ave NW,38.905125999999996,-77.056887,12,5,249314611,31246,YES,NO,,,NO
2019-03-30 14:49:00,154,15th St & Massachusetts Ave SE,38.887319999999995,-76.983569,2,12,249314612,31626,YES,NO,,,NO
2019-03-30 14:49:00,155,Congress Heights Metro,38.844711,-76.98782299999999,5,10,249314613,31806,YES,NO,,,NO
2019-03-30 14:49:00,156,N Quincy St & Glebe Rd,38.876393,-77.10773499999999,0,11,249314614,31035,YES,NO,,,NO
2019-03-30 14:49:00,157,Barcroft Community Center,38.850336999999996,-77.100989,8,3,249314615,31033,YES,NO,,,NO
2019-03-30 14:49:00,158,N Veitch St & 20th St N,38.896923,-77.086502,1,13,249314616,31029,YES,NO,,,NO
2019-03-30 14:49:00,159,10th & K St NW,38.9024,-77.02622,5,16,249314617,31263,YES,NO,,,NO
2019-03-30 14:49:00,160,Fairfax Dr & Wilson Blvd,38.885801,-77.097745,3,7,249314618,31023,YES,NO,,,NO
2019-03-30 14:49:00,161,Key Blvd & N Quinn St,38.896355,-77.078408,0,11,249314619,31027,YES,NO,,,NO
2019-03-30 14:49:00,162,1st & K St SE,38.878854,-77.005727,4,10,249314620,31628,YES,NO,,,NO
2019-03-30 14:49:00,163,39th & Calvert St NW / Stoddert,38.922649,-77.077271,1,18,249314621,31306,YES,NO,,,NO
2019-03-30 14:49:00,164,1st & Washington Hospital Center NW,38.928743,-77.012457,13,1,249314622,31507,YES,NO,,,NO
2019-03-30 14:49:00,165,Virginia Square Metro / Monroe St & 9th St N,38.882788,-77.10314799999999,1,15,249314623,31024,YES,NO,,,NO
2019-03-30 14:49:00,166,Central Library / Quincy St & 10th St N,38.88397,-77.10782999999999,2,8,249314624,31025,YES,NO,,,NO
2019-03-30 14:49:00,167,Washington Blvd & 10th St N,38.884734,-77.093485,3,12,249314625,31026,YES,NO,,,NO
2019-03-30 14:49:00,168,Jefferson Dr & 14th St SW,38.888553,-77.032429,16,3,249314626,31247,YES,NO,,,NO
2019-03-30 14:49:00,169,Smithsonian-National Mall / Jefferson Dr & 12th St SW,38.888767,-77.02857999999999,29,2,249314627,31248,YES,NO,,,NO
2019-03-30 14:49:00,170,George Mason Dr & Wilson Blvd,38.87887,-77.1207,9,5,249314628,31036,YES,NO,,,NO
2019-03-30 14:49:00,171,6th St & Indiana Ave NW,38.894573,-77.01993999999999,10,7,249314629,31264,YES,NO,,,NO
2019-03-30 14:49:00,172,N Veitch St & Key Blvd,38.893237,-77.086063,1,10,249314630,31028,YES,NO,,,NO
2019-03-30 14:49:00,173,Lee Hwy & N Adams St,38.89593,-77.089006,3,14,249314631,31030,YES,NO,,,NO
2019-03-30 14:49:00,174,15th St & N Scott St,38.89054,-77.08095,1,8,249314632,31031,YES,NO,,,NO
2019-03-30 14:49:00,175,Washington Blvd & 7th St N,38.88081,-77.090792,5,6,249314633,31032,YES,NO,,,NO
2019-03-30 14:49:00,523,Baltimore Ave & Van Buren St / Riverdale Park Station,38.969581,-76.937349,8,8,249314634,32402,YES,NO,,,NO
2019-03-30 14:49:00,524,Baltimore Ave & Jefferson St,38.95548,-76.940133,12,3,249314635,32403,YES,NO,,,NO
2019-03-30 14:49:00,525,Perry & 35th St,38.936212999999995,-76.960054,7,8,249314636,32404,YES,NO,,,NO
2019-03-30 14:49:00,526,Grand Park & Rose Ave,39.051035,-77.11760000000001,2,12,249314637,32083,YES,NO,,,NO
2019-03-30 14:49:00,527,Potomac Ave & Half St SW,38.870201,-77.010837,20,2,249314638,31648,YES,NO,,,NO
2019-03-30 14:49:00,529,Crystal Dr & Potomac Ave,38.848304,-77.05122,0,10,249314639,31925,YES,NO,,,NO
2019-03-30 14:49:00,530,Largo Rd & Campus Way / Prince Georges's Comm Col,38.889939999999996,-76.825535,11,3,249314640,32405,YES,NO,,,NO
2019-03-30 14:49:00,531,Stanton Square SE,38.855004,-76.984512,3,15,249314641,31822,YES,NO,,,NO
2019-03-30 14:49:00,532,14th & Newton St NW,38.931991,-77.032956,0,19,249314642,31649,YES,NO,,,NO
2019-03-30 14:49:00,533,48th Pl & MacArthur Blvd NW,38.917304,-77.09629,1,18,249314643,31322,YES,NO,,,NO
2019-03-30 14:49:00,534,14th & Luzon St NW,38.969488999999996,-77.033509,5,14,249314644,31416,YES,NO,,,NO
2019-03-30 14:49:00,535,1st & M St SE,38.876892999999995,-77.006072,19,0,249314645,31650,YES,NO,,,NO
2019-03-30 14:49:00,536,Fleet St & Waterfront St,38.782633,-77.016059,0,15,249314646,32406,YES,NO,,,NO
2019-03-30 14:49:00,537,Oxon Hill Park & Ride,38.798749,-77.00103,7,7,249314647,32407,YES,NO,,,NO
2019-03-30 14:49:00,538,11th & Park Rd NW,38.93165,-77.028305,0,19,249314648,31651,YES,NO,,,NO
2019-03-30 14:49:00,539,4th & M St SE,38.876751,-77.000736,6,13,249314649,31652,YES,NO,,,NO
2019-03-30 14:49:00,540,Kansas Ave & Sherman Cr NW,38.948057,-77.021467,6,12,249314650,31417,YES,NO,,,NO
2019-03-30 14:49:00,541,Campus Commons,38.944707,-77.335425,6,3,249314651,32228,YES,NO,,,NO
2019-03-30 14:49:00,542,Park Run & Onyx Dr,38.92755,-77.226644,2,9,249314652,32229,YES,NO,,,NO
2019-03-30 14:49:00,543,7th & K St NW,38.902674,-77.02139199999999,1,18,249314653,31653,YES,NO,,,NO
2019-03-30 14:49:00,544,King Greenleaf Rec Center,38.876211,-77.01244299999999,12,5,249314654,31654,YES,NO,,,NO
2019-03-30 14:49:00,545,Montello Ave & Holbrook Terr NE,38.907444,-76.986813,5,14,249314655,31524,YES,NO,,,NO
2019-03-30 14:49:00,546,New Jersey Ave & F St NW,38.897107999999996,-77.01161599999999,3,30,249314656,31655,YES,NO,,,NO
2019-03-30 14:49:00,547,Maryland Ave & 17th St NE,38.901935,-76.978627,2,17,249314657,31656,YES,NO,,,NO
2019-03-30 14:49:00,548,Massachusetts Ave & 6th St NE,38.892934,-76.998273,1,18,249314658,31657,YES,NO,,,NO
2019-03-30 14:49:00,549,Woodley Park Metro / Calvert St & Connecticut Ave NW,38.923389,-77.051833,0,23,249314659,31323,YES,NO,,,NO
2019-03-30 14:49:00,550,McLean Metro,38.923781,-77.207906,9,8,249314660,32230,YES,NO,,,NO
2019-03-30 14:49:00,551,Trinidad Rec Center,38.906299,-76.983221,9,9,249314661,31525,YES,NO,,,NO
2019-03-30 14:49:00,552,Rosedale Rec Center,38.897808,-76.97963399999999,4,15,249314662,31658,YES,NO,,,NO
2019-03-30 14:49:00,553,11th & C St SE,38.885908,-76.99147599999999,6,12,249314663,31659,YES,NO,,,NO
2019-03-30 14:49:00,554,New Hampshire & Gallatin St NW,38.951595999999995,-77.01280799999999,12,7,249314664,31418,YES,NO,,,NO
2019-03-30 14:49:00,555,United Medical Center,38.835737,-76.983144,10,8,249314665,31823,YES,NO,,,NO
2019-03-30 14:49:00,556,18th & New Hampshire Ave NW,38.911268,-77.04182899999999,1,17,249314666,31324,YES,NO,,,NO
2019-03-30 14:49:00,438,Reston Town Center Transit Station,38.957037,-77.359718,2,15,249314667,32214,YES,NO,,,NO
2019-03-30 14:49:00,439,1st & D St SE,38.884916,-77.005965,17,1,249314668,31643,YES,NO,,,NO
2019-03-30 14:49:00,440,Wiehle Ave & Reston Station Blvd,38.949200000000005,-77.3368,13,5,249314669,32215,YES,NO,,,NO
2019-03-30 14:49:00,441,Library St & Freedom Dr,38.959633,-77.358741,8,11,249314670,32216,YES,NO,,,NO
2019-03-30 14:49:00,442,Sunset Hills Rd & Discovery Square,38.95534,-77.35761099999999,3,12,249314671,32217,YES,NO,,,NO
2019-03-30 14:49:00,443,22nd St & Constitution Ave NW,38.892441,-77.048947,18,4,249314672,31292,YES,NO,,,NO
2019-03-30 14:49:00,444,61st St & Banks Pl NE,38.891805,-76.913563,4,13,249314673,31714,YES,NO,,,NO
2019-03-30 14:49:00,445,Temporary Rd & Old Reston Ave,38.960083999999995,-77.353414,7,8,249314674,32218,YES,NO,,,NO
2019-03-30 14:49:00,446,Reston YMCA,38.955314,-77.368416,9,6,249314675,32219,YES,NO,,,NO
2019-03-30 14:49:00,447,Sunset Hills Rd & Isaac Newton Square,38.951443,-77.34037699999999,7,2,249314676,32220,YES,NO,,,NO
2019-03-30 14:49:00,448,N Lynn St & Fairfax Dr,38.89386,-77.07086199999999,0,13,249314677,31917,YES,NO,,,NO
2019-03-30 14:49:00,449,Georgia Ave & Piney Branch Rd NW,38.967504999999996,-77.027976,8,6,249314678,31414,YES,NO,,,NO
2019-03-30 14:49:00,450,Greensboro & International Dr,38.923083,-77.227417,0,11,249314679,32221,YES,NO,,,NO
2019-03-30 14:49:00,451,Madison St & Fairfax St,38.812351,-77.040691,6,8,249314680,31918,YES,NO,,,NO
2019-03-30 14:49:00,452,Sligo Ave & Carroll Ln,38.990874,-77.016311,6,9,249314681,32058,YES,NO,,,NO
2019-03-30 14:49:00,453,15th & W St NW,38.919086,-77.034502,0,19,249314682,31125,YES,NO,,,NO
2019-03-30 14:49:00,454,12th St & Pennsylvania Ave SE,38.882489,-76.990121,3,15,249314683,31644,YES,NO,,,NO
2019-03-30 14:49:00,455,3rd St & Riggs Rd NE,38.957463,-77.002239,10,5,249314684,31412,YES,NO,,,NO
2019-03-30 14:49:00,456,Carlin Springs Rd & N Thomas St,38.876695,-77.112982,1,14,249314685,31919,YES,NO,,,NO
2019-03-30 14:49:00,457,Towers Crescent Dr & Tysons One Pl,38.915245999999996,-77.220157,6,4,249314686,32222,YES,NO,,,NO
2019-03-30 14:49:00,458,6th & K St NE,38.902877,-76.99840499999999,4,14,249314687,31645,YES,NO,,,NO
2019-03-30 14:49:00,459,Pooks Hill Rd & Linden Ave,39.014716,-77.107143,9,6,249314688,32057,YES,NO,,,NO
2019-03-30 14:49:00,460,Takoma Park Rec Center,38.98265,-76.988311,14,1,249314689,32059,YES,NO,,,NO
2019-03-30 14:49:00,461,New Hampshire & Kirklynn Ave,38.988101,-76.988422,8,7,249314690,32061,YES,NO,,,NO
2019-03-30 14:49:00,462,Wheaton Metro / Georgia Ave & Reedie Dr,39.038340999999996,-77.051023,3,8,249314691,32062,YES,NO,,,NO
2019-03-30 14:49:00,463,Amherst Ave & Elkins St,39.044886999999996,-77.047788,0,15,249314692,32063,YES,NO,,,NO
2019-03-30 14:49:00,464,Amherst Ave & Prichard Rd,39.035965,-77.048395,0,15,249314693,32064,YES,NO,,,NO
2019-03-30 14:49:00,465,Grandview & Blueridge Ave,39.043272,-77.053085,13,1,249314694,32065,YES,NO,,,NO
2019-03-30 14:49:00,466,Windham Ln & Amherst Ave,39.032029,-77.04735,11,4,249314695,32066,YES,NO,,,NO
2019-03-30 14:49:00,467,North Shore Dr & Village Rd,38.970411999999996,-77.34078699999999,7,4,249314696,32223,YES,NO,,,NO
2019-03-30 14:49:00,468,Town Center Pkwy & Sunset Hills Rd,38.955171,-77.36309399999999,3,8,249314697,32224,YES,NO,,,NO
2019-03-30 14:49:00,469,3rd & Underwood St NW,38.968834,-77.016258,16,2,249314698,31413,YES,NO,,,NO
2019-03-30 14:49:00,470,18th & Monroe St NE,38.93293,-76.979517,15,4,249314699,31521,YES,NO,,,NO
2019-03-30 14:49:00,471,7th & E St SW,38.883449999999996,-77.02174099999999,4,12,249314700,31294,YES,NO,,,NO
2019-03-30 14:49:00,472,Shady Grove Metro East,39.121327,-77.164969,18,1,249314701,32067,YES,NO,,,NO
2019-03-30 14:49:00,473,Potomac & M St NW,38.905367999999996,-77.06514899999999,15,2,249314702,31295,YES,NO,,,NO
2019-03-30 14:49:00,474,Columbia & Ontario Rd NW,38.924088,-77.040787,0,23,249314703,31296,YES,NO,,,NO
2019-03-30 14:49:00,475,Washington-Liberty High School / N Stafford St & Generals Way,38.888282,-77.111066,10,5,249314704,31920,YES,NO,,,NO
2019-03-30 14:49:00,476,Westover Library / Washington Blvd & N McKinley Rd,38.886047999999995,-77.14231699999999,7,8,249314705,31921,YES,NO,,,NO
2019-03-30 14:49:00,477,Columbia Pike & S Taylor St,38.858523999999996,-77.10372799999999,4,10,249314706,31923,YES,NO,,,NO
2019-03-30 14:49:00,478,Columbus Ave & Tribeca St,39.126000000000005,-77.1673,1,10,249314707,32068,YES,NO,,,NO
2019-03-30 14:49:00,479,Columbus Ave & Gramercy Blvd,39.123329999999996,-77.16485999999999,4,6,249314708,32069,YES,NO,,,NO
2019-03-30 14:49:00,480,Reston Pkwy & Spectrum Dr,38.964208,-77.35428,3,12,249314709,32225,YES,NO,,,NO
2019-03-30 14:49:00,481,Key West Ave & Great Seneca Hwy,39.105641999999996,-77.20385999999999,1,9,249314710,32070,YES,NO,,,NO
2019-03-30 14:49:00,482,Virginia Ave & 25th St NW,38.8995,-77.054155,2,16,249314711,31297,YES,NO,,,NO
2019-03-30 14:49:00,483,15th & M St NW,38.905424,-77.034674,0,16,249314712,31298,YES,NO,,,NO
2019-03-30 14:49:00,484,11th & Girard St NW,38.925636,-77.027112,0,19,249314713,31126,YES,NO,,,NO
2019-03-30 14:49:00,485,Connecticut Ave & R St NW,38.912644,-77.04563999999999,0,18,249314714,31299,YES,NO,,,NO
2019-03-30 14:49:00,486,Wilson Blvd & N Troy St,38.892556,-77.082089,1,13,249314715,31924,YES,NO,,,NO
2019-03-30 14:49:00,487,American University East Campus,38.936298,-77.08712799999999,0,15,249314716,31320,YES,NO,,,NO
2019-03-30 14:49:00,488,15th St & Constitution Ave NW,38.892244,-77.033234,16,1,249314717,31321,YES,NO,,,NO
2019-03-30 14:49:00,489,22nd & H St NW,38.899104,-77.048946,0,15,249314718,31127,YES,NO,,,NO
2019-03-30 14:49:00,490,23rd & M St NW,38.905302999999996,-77.050264,1,15,249314719,31128,YES,NO,,,NO
2019-03-30 14:49:00,491,Corporate Blvd & Omega Dr,39.106971,-77.192645,15,0,249314720,32071,YES,NO,,,NO
2019-03-30 14:49:00,492,Key West Ave & Diamondback Dr,39.106152,-77.202354,8,3,249314721,32072,YES,NO,,,NO
2019-03-30 14:49:00,493,Alabama Ave & Stanton Rd SE / Shops at Park Village,38.84627,-76.98185,8,10,249314722,31813,YES,NO,,,NO
2019-03-30 14:49:00,494,Mississippi Ave & 19th St SE / THEARC,38.84377,-76.97556999999999,8,11,249314723,31814,YES,NO,,,NO
2019-03-30 14:49:00,495,19th & Savannah St SE,38.84623,-76.97703,7,4,249314724,31815,YES,NO,,,NO
2019-03-30 14:49:00,496,4th St & Mississippi Ave SE,38.836,-77.0009,3,16,249314725,31816,YES,NO,,,NO
2019-03-30 14:49:00,497,1st & S Capitol St SE / Oxon Run Trail,38.824481,-77.00549699999999,2,16,249314726,31817,YES,NO,,,NO
2019-03-30 14:49:00,498,Livingston Rd & 3rd St SE,38.82373,-77.00223,3,11,249314727,31818,YES,NO,,,NO
2019-03-30 14:49:00,499,Joliet St & MLK Ave SW/Bald Eagle Rec Ctr,38.819089999999996,-77.01033,4,15,249314728,31819,YES,NO,,,NO
2019-03-30 14:49:00,500,37th & Ely Pl SE,38.883010999999996,-76.949709,3,12,249314729,31715,YES,NO,,,NO
2019-03-30 14:49:00,501,15th St & Pennsylvania Ave NW,38.89635,-77.03338,16,0,249314730,31129,YES,NO,,,NO
2019-03-30 14:49:00,505,Maine Ave & 9th St SW,38.88044,-77.02523599999999,13,0,249314731,31646,YES,NO,,,NO
2019-03-30 14:49:00,506,Lincoln Rd & Seaton Pl NE/Harry Thomas Rec Center,38.915,-77.0078,2,17,249314732,31523,YES,NO,,,NO
2019-03-30 14:49:00,507,Blueridge Ave & Elkin St,39.04313,-77.05006,3,10,249314733,32073,YES,NO,,,NO
2019-03-30 14:49:00,508,Georgia Ave & Kennedy St NW,38.956739999999996,-77.02790999999999,13,6,249314734,31415,YES,NO,,,NO
2019-03-30 14:49:00,509,7th St & Massachusetts Ave NE,38.89222,-76.99602,0,17,249314735,31647,YES,NO,,,NO
2019-03-30 14:49:00,510,Anacostia Park,38.873349999999995,-76.9834,9,10,249314736,31820,YES,NO,,,NO
2019-03-30 14:49:00,511,Twinbrook Metro,39.062041,-77.12077599999999,1,13,249314737,32074,YES,NO,,,NO
2019-03-30 14:49:00,512,White Flint Metro,39.047529999999995,-77.11287,3,22,249314738,32075,YES,NO,,,NO
2019-03-30 14:49:00,513,Citadel Ave & McGrath Blvd,39.049,-77.10933,14,1,249314739,32076,YES,NO,,,NO
2019-03-30 14:49:00,514,Rockville Pike & Old Georgetown Rd,39.049765,-77.11368,4,11,249314740,32077,YES,NO,,,NO
2019-03-30 14:49:00,515,Woodglen Dr & Executive Blvd,39.043169999999996,-77.1135,2,13,249314741,32078,YES,NO,,,NO
2019-03-30 14:49:00,516,Executive Blvd & E Jefferson St,39.04873,-77.12570000000001,6,8,249314742,32079,YES,NO,,,NO
2019-03-30 14:49:00,517,Fishers Ln & Rock Creek Mill Rd,39.0629,-77.11345399999999,5,9,249314743,32080,YES,NO,,,NO
2019-03-30 14:49:00,518,Congressional Ln & E Jefferson St,39.06219,-77.129235,14,0,249314744,32081,YES,NO,,,NO
2019-03-30 14:49:00,519,Garland Ave & Walden Rd,39.000479999999996,-77.00077,8,7,249314745,32082,YES,NO,,,NO
2019-03-30 14:49:00,520,Greensboro & Pinnacle Dr,38.92245,-77.23034,6,7,249314746,32227,YES,NO,,,NO
2019-03-30 14:49:00,521,1301 McCormick Dr / Wayne K. Curry Admin Bldg,38.908391,-76.843263,5,10,249314747,32400,YES,NO,,,NO
2019-03-30 14:49:00,522,Largo Town Center Metro,38.899811,-76.84460399999999,5,11,249314748,32401,YES,NO,,,NO
2019-03-30 14:49:00,176,Ballston Metro / Stuart St & 9th St N,38.881043999999996,-77.111768,3,19,249313256,31037,YES,NO,,,NO
2019-03-30 14:49:00,177,Fairfax Dr & N Randolph St,38.882629,-77.109366,4,6,249313257,31034,YES,NO,,,NO
2019-03-30 14:49:00,178,Jefferson Memorial,38.879819,-77.037413,12,0,249313258,31249,YES,NO,,,NO
2019-03-30 14:49:00,179,Good Hope Rd & 14th St SE,38.866611,-76.985238,5,10,249313259,31803,YES,NO,,,NO
2019-03-30 14:49:00,180,Glebe Rd & 11th St N,38.883921,-77.116817,7,4,249313260,31038,YES,NO,,,NO
2019-03-30 14:49:00,181,Wilson Blvd & N Quincy St,38.880012,-77.107854,10,4,249313261,31039,YES,NO,,,NO
2019-03-30 14:49:00,182,GMU / Fairfax Dr & Kenmore St,38.884616,-77.10108,0,11,249313262,31040,YES,NO,,,NO
2019-03-30 14:49:00,183,Gallaudet / 8th St & Florida Ave NE,38.90509,-76.9941,12,6,249313263,31508,YES,NO,,,NO
2019-03-30 14:49:00,185,20th & L St NW,38.903583999999995,-77.044789,1,17,249313264,31250,YES,NO,,,NO
2019-03-30 14:49:00,186,12th & L St NW,38.903819,-77.0284,0,18,249313265,31251,YES,NO,,,NO
2019-03-30 14:49:00,187,21st St & Pennsylvania Ave NW,38.901539,-77.046564,1,16,249313266,31252,YES,NO,,,NO
2019-03-30 14:49:00,188,19th & K St NW,38.902204,-77.04337,6,14,249313267,31253,YES,NO,,,NO
2019-03-30 14:49:00,189,Prince St & Union St,38.803124,-77.040363,11,4,249313268,31041,YES,NO,,,NO
2019-03-30 14:49:00,190,Market Square / King St & Royal St,38.804718,-77.043363,12,1,249313269,31042,YES,NO,,,NO
2019-03-30 14:49:00,191,Saint Asaph St & Pendleton  St,38.810742999999995,-77.044664,13,2,249313270,31043,YES,NO,,,NO
2019-03-30 14:49:00,192,King St & Patrick St,38.805316999999995,-77.049883,10,5,249313271,31044,YES,NO,,,NO
2019-03-30 14:49:00,193,15th & K St NW,38.902,-77.03353,3,19,249313272,31254,YES,NO,,,NO
2019-03-30 14:49:00,194,Commerce St & Fayette St,38.805648,-77.05293,10,2,249313273,31045,YES,NO,,,NO
2019-03-30 14:49:00,195,Henry St & Pendleton St,38.811456,-77.050276,11,5,249313274,31046,YES,NO,,,NO
2019-03-30 14:49:00,196,Braddock Rd Metro,38.814577,-77.052808,10,17,249313275,31047,YES,NO,,,NO
2019-03-30 14:49:00,197,King St Metro South,38.805766999999996,-77.06072,8,15,249313276,31048,YES,NO,,,NO
2019-03-30 14:49:00,198,24th & N St NW,38.906600000000005,-77.05152,6,8,249313277,31255,YES,NO,,,NO
2019-03-30 14:49:00,199,10th & E St NW,38.895914,-77.02606399999999,12,1,249313278,31256,YES,NO,,,NO
2019-03-30 14:49:00,200,22nd & I St NW / Foggy Bottom,38.90088,-77.04891099999999,5,8,249313279,31257,YES,NO,,,NO
2019-03-30 14:49:00,201,Utah St & 11th St N,38.883669,-77.113905,4,7,249313280,31049,YES,NO,,,NO
2019-03-30 14:49:00,202,Barton St & 10th St N,38.884961,-77.08776999999999,0,11,249313281,31050,YES,NO,,,NO
2019-03-30 14:49:00,203,Arlington Blvd & N Queen St,38.889365,-77.077294,0,10,249313282,31051,YES,NO,,,NO
2019-03-30 14:49:00,204,Lincoln Memorial,38.888251,-77.049426,17,8,249313283,31258,YES,NO,,,NO
2019-03-30 14:49:00,206,20th St & Virginia Ave NW,38.894722,-77.04512799999999,2,13,249313284,31259,YES,NO,,,NO
2019-03-30 14:49:00,207,5th St & Massachusetts Ave NW,38.900929999999995,-77.018677,4,11,249313285,31265,YES,NO,,,NO
2019-03-30 14:49:00,208,39th & Veazey St NW,38.943836999999995,-77.077078,8,7,249313286,31308,YES,NO,,,NO
2019-03-30 14:49:00,209,Fessenden St & Wisconsin Ave NW,38.954812,-77.082426,9,6,249313287,31309,YES,NO,,,NO
2019-03-30 14:49:00,210,3rd & M St NE,38.90547,-77.00213,10,12,249313288,31627,YES,NO,,,NO
2019-03-30 14:49:00,211,Columbia Pike & S Courthouse Rd,38.863833,-77.080319,3,10,249313289,31053,YES,NO,,,NO
2019-03-30 14:49:00,212,Walter Reed Dr & 16th St S,38.857803,-77.086733,6,5,249313290,31054,YES,NO,,,NO
2019-03-30 14:49:00,213,28th St & S Meade St,38.846222,-77.06927499999999,4,11,249313291,31055,YES,NO,,,NO
2019-03-30 14:49:00,214,18th St & Wyoming Ave NW,38.918808999999996,-77.04157099999999,2,21,249313292,31114,YES,NO,,,NO
2019-03-30 14:49:00,215,5th & Kennedy St NW,38.956556,-77.019814,7,7,249313293,31403,YES,NO,,,NO
2019-03-30 14:49:00,216,Georgia Ave & Emerson St NW,38.949662,-77.027333,10,9,249313294,31405,YES,NO,,,NO
2019-03-30 14:49:00,217,14th & Upshur St NW,38.942015999999995,-77.032652,8,11,249313295,31406,YES,NO,,,NO
2019-03-30 14:49:00,218,14th St & Colorado Ave NW,38.956432,-77.032947,18,1,249313296,31407,YES,NO,,,NO
2019-03-30 14:49:00,219,Troy St & 26th St S,38.847977,-77.075104,6,5,249313297,31056,YES,NO,,,NO
2019-03-30 14:49:00,220,Four Mile Run Dr & S Shirlington Rd,38.8444,-77.085931,2,8,249313298,31057,YES,NO,,,NO
2019-03-30 14:49:00,221,Columbia Pike & S Oakland St,38.860789,-77.09586,3,8,249313299,31058,YES,NO,,,NO
2019-03-30 14:49:00,222,Four Mile Run Dr & S Walter Reed Dr,38.847359999999995,-77.09543099999999,0,10,249313300,31059,YES,NO,,,NO
2019-03-30 14:49:00,223,S Arlington Mill Dr & Campbell Ave,38.84232,-77.08955499999999,6,6,249313301,31060,YES,NO,,,NO
2019-03-30 14:49:00,224,Kenmore St & 24th St S,38.848454,-77.084918,7,3,249313302,31061,YES,NO,,,NO
2019-03-30 14:49:00,225,13th St & Eastern Ave,38.987,-77.029417,1,14,249313303,32006,YES,NO,,,NO
2019-03-30 14:49:00,226,Wisconsin Ave & O St NW,38.90849,-77.063586,1,17,249313304,31312,YES,NO,,,NO
2019-03-30 14:49:00,227,Roosevelt Island,38.896553,-77.06714,11,0,249313305,31062,YES,NO,,,NO
2019-03-30 14:49:00,228,Connecticut & Nebraska Ave NW,38.955016,-77.06995599999999,8,15,249313306,31310,YES,NO,,,NO
2019-03-30 14:49:00,229,17th St & Massachusetts Ave NW,38.908142,-77.038359,1,13,249313307,31267,YES,NO,,,NO
2019-03-30 14:49:00,230,15th & Euclid St  NW,38.92333,-77.0352,1,14,249313308,31117,YES,NO,,,NO
2019-03-30 14:49:00,231,8th & East Capitol St NE,38.889987999999995,-76.995193,0,11,249313309,31629,YES,NO,,,NO
2019-03-30 14:49:00,232,New Jersey Ave & R St NW,38.912659,-77.017669,1,12,249313310,31509,YES,NO,,,NO
2019-03-30 14:49:00,233,15th & East Capitol St NE,38.889908,-76.98332599999999,1,10,249313311,31630,YES,NO,,,NO
2019-03-30 14:49:00,234,8th & F St NE,38.897273999999996,-76.994749,4,11,249313312,31631,YES,NO,,,NO
2019-03-30 14:49:00,235,18th St & Rhode Island Ave NE,38.927095,-76.97892399999999,6,9,249314273,31510,YES,NO,,,NO
2019-03-30 14:49:00,236,15th & F St NE,38.897194999999996,-76.983575,3,16,249314274,31632,YES,NO,,,NO
2019-03-30 14:49:00,237,12th & Irving St NE,38.928644,-76.990955,10,5,249314275,31511,YES,NO,,,NO
2019-03-30 14:49:00,239,Alabama & MLK Ave SE,38.84323,-76.999376,8,3,249314276,31800,YES,NO,,,NO
2019-03-30 14:49:00,240,Pleasant St & MLK Ave SE,38.863897,-76.990037,5,5,249314277,31807,YES,NO,,,NO
2019-03-30 14:49:00,241,Neal St & Trinidad Ave NE,38.903732,-76.987211,9,6,249314278,31512,YES,NO,,,NO
2019-03-30 14:49:00,242,12th & U St NW,38.916787,-77.028139,18,12,249314279,31268,YES,NO,,,NO
2019-03-30 14:49:00,243,S George Mason & Four Mile Run Dr,38.852247999999996,-77.10502199999999,5,5,249314280,31063,YES,NO,,,NO
2019-03-30 14:49:00,244,Gravelly Point,38.865029,-77.03951099999999,7,7,249314281,31064,YES,NO,,,NO
2019-03-30 14:49:00,245,Pershing Dr & Wayne St,38.880705,-77.08596,0,9,249314282,31065,YES,NO,,,NO
2019-03-30 14:49:00,246,Columbia Pike & S Orme St,38.867262,-77.072315,2,6,249314283,31066,YES,NO,,,NO
2019-03-30 14:49:00,247,3rd St & Pennsylvania Ave SE,38.887378,-77.001955,2,12,249314284,31269,YES,NO,,,NO
2019-03-30 14:49:00,248,8th & D St NW,38.894850999999996,-77.02324,6,3,249314285,31270,YES,NO,,,NO
2019-03-30 14:49:00,249,3rd & Elm St NW,38.917622,-77.01597,1,14,249314286,31118,YES,NO,,,NO
2019-03-30 14:49:00,250,Rhode Island Ave & V St NE,38.918155,-77.004746,10,9,249314287,31513,YES,NO,,,NO
2019-03-30 14:49:00,251,Constitution Ave & 2nd St NW/DOL,38.892275,-77.01391699999999,5,19,249314288,31271,YES,NO,,,NO
2019-03-30 14:49:00,252,Washington & Independence Ave SW/HHS,38.886978,-77.013769,16,13,249314289,31272,YES,NO,,,NO
2019-03-30 14:49:00,253,Independence Ave & L'Enfant Plaza SW/DOE,38.887312,-77.025762,12,0,249314290,31633,YES,NO,,,NO
2019-03-30 14:49:00,254,Hamlin & 7th St NE,38.927496999999995,-76.997194,2,13,249314291,31514,YES,NO,,,NO
2019-03-30 14:49:00,255,Columbia Pike & S Walter Reed Dr,38.862477999999996,-77.08659899999999,0,12,249314292,31067,YES,NO,,,NO
2019-03-30 14:49:00,256,Arlington Mill Cmty Center / Columbia Pike & S Dinwiddie St,38.856319,-77.11153,8,6,249314293,31068,YES,NO,,,NO
2019-03-30 14:49:00,257,Pershing Dr & N George Mason Dr,38.871822,-77.107906,0,8,249314294,31069,YES,NO,,,NO
2019-03-30 14:49:00,258,Fenton St & New York Ave,38.985403999999996,-77.023082,1,14,249314295,32001,YES,NO,,,NO
2019-03-30 14:49:00,259,Bethesda Ave & Arlington Rd,38.981103,-77.097426,0,18,249314296,32002,YES,NO,,,NO
2019-03-30 14:49:00,260,Montgomery Ave & Waverly St,38.983838,-77.09221,0,11,249314297,32003,YES,NO,,,NO
2019-03-30 14:49:00,261,Fallsgrove Blvd & Fallsgrove Dr,39.096312,-77.192672,19,0,249314298,32004,YES,NO,,,NO
2019-03-30 14:49:00,262,Traville Gateway Dr & Gudelsky Dr,39.093782999999995,-77.202501,14,5,249314299,32005,YES,NO,,,NO
2019-03-30 14:49:00,263,Norfolk Ave & Fairmont St,38.988562,-77.09653899999999,0,11,249314300,32000,YES,NO,,,NO
2019-03-30 14:49:00,264,E Montgomery Ave & Maryland Ave,39.084125,-77.151291,7,8,249314301,32007,YES,NO,,,NO
2019-03-30 14:49:00,265,Cordell & Norfolk Ave,38.98954,-77.098029,0,11,249314302,32008,YES,NO,,,NO
2019-03-30 14:49:00,267,Philadelphia & Maple Ave,38.98128,-77.011336,14,1,249314303,32010,YES,NO,,,NO
2019-03-30 14:49:00,268,Maple & Ritchie Ave,38.983627,-77.006311,17,1,249314304,32011,YES,NO,,,NO
2019-03-30 14:49:00,269,Silver Spring Metro / Colesville Rd & Wayne Ave,38.99521,-77.02918,9,9,249314305,32012,YES,NO,,,NO
2019-03-30 14:49:00,270,Montgomery & East Ln,38.983525,-77.095367,0,11,249314306,32013,YES,NO,,,NO
2019-03-30 14:49:00,271,Friendship Hts Metro / Wisconsin Ave & Wisconsin Cir,38.961763,-77.085998,9,10,249314307,32014,YES,NO,,,NO
2019-03-30 14:49:00,272,14th & Belmont St NW,38.921074,-77.031887,1,14,249314308,31119,YES,NO,,,NO
2019-03-30 14:49:00,273,3rd & Tingey St SE,38.875009999999996,-77.00240000000001,18,1,249314309,31634,YES,NO,,,NO
2019-03-30 14:49:00,274,10th & Florida Ave NW,38.920387,-77.025672,0,19,249314310,31120,YES,NO,,,NO
2019-03-30 14:49:00,275,Potomac Ave & 8th St SE,38.876737,-76.994468,9,6,249314311,31635,YES,NO,,,NO
2019-03-30 14:49:00,276,Crabbs Branch Way & Redland Rd,39.120045,-77.15698499999999,10,5,249314312,32015,YES,NO,,,NO
2019-03-30 14:49:00,277,Fallsgrove Dr & W Montgomery Ave,39.099376,-77.188014,9,6,249314313,32016,YES,NO,,,NO
2019-03-30 14:49:00,278,Monroe St & Monroe Pl,39.083673,-77.14916199999999,4,10,249314314,32017,YES,NO,,,NO
2019-03-30 14:49:00,279,Needwood Rd & Eagles Head Ct,39.123512999999996,-77.15741,5,9,249314315,32018,YES,NO,,,NO
2019-03-30 14:49:00,280,East West Hwy & Blair Mill Rd,38.990249,-77.02935,14,1,249314316,32019,YES,NO,,,NO
2019-03-30 14:49:00,281,Crabbs Branch Way & Calhoun Pl,39.107709,-77.15207199999999,6,9,249314317,32020,YES,NO,,,NO
2019-03-30 14:49:00,282,47th & Elm St,38.982456,-77.091991,0,15,249314318,32021,YES,NO,,,NO
2019-03-30 14:49:00,283,Dennis Ave & Amherst Ave,39.025386999999995,-77.044563,6,8,249314319,32022,YES,NO,,,NO
2019-03-30 14:49:00,284,Montgomery College / W Campus Dr & Mannakee St,39.095661,-77.159048,17,3,249314320,32023,YES,NO,,,NO
2019-03-30 14:49:00,285,Fenton St & Gist Ave,38.989723999999995,-77.023854,10,1,249314321,32024,YES,NO,,,NO
2019-03-30 14:49:00,286,Carroll & Westmoreland Ave,38.975,-77.01120999999999,6,7,249314322,32025,YES,NO,,,NO
2019-03-30 14:49:00,287,Carroll & Ethan Allen Ave,38.977933,-77.006472,10,5,249314323,32026,YES,NO,,,NO
2019-03-30 14:49:00,288,Battery Ln & Trolley Trail,38.992374999999996,-77.100104,0,15,249314324,32027,YES,NO,,,NO
2019-03-30 14:49:00,289,Norfolk & Rugby Ave,38.990639,-77.100239,0,11,249314325,32028,YES,NO,,,NO
2019-03-30 14:49:00,290,Offutt Ln & Chevy Chase Dr,38.977092999999996,-77.094589,1,9,249314326,32029,YES,NO,,,NO
2019-03-30 14:49:00,291,Broschart & Blackwell Rd,39.102098999999995,-77.200322,2,13,249314327,32030,YES,NO,,,NO
2019-03-30 14:49:00,292,Taft St & E Gude Dr,39.094103,-77.132954,0,14,249314328,32031,YES,NO,,,NO
2019-03-30 14:49:00,293,Fleet St & Ritchie Pkwy,39.076330999999996,-77.141378,9,5,249314329,32032,YES,NO,,,NO
2019-03-30 14:49:00,294,Piccard & W Gude Dr,39.102212,-77.17709099999999,12,7,249314330,32033,YES,NO,,,NO
2019-03-30 14:49:00,295,Ripley & Bonifant St,38.992678999999995,-77.029457,3,12,249314331,32034,YES,NO,,,NO
2019-03-30 14:49:00,296,Georgia Ave & Spring St,38.999387999999996,-77.031555,2,9,249314332,32035,YES,NO,,,NO
2019-03-30 14:49:00,297,Fenton St & Ellsworth Dr,38.997032999999995,-77.02560799999999,14,1,249314333,32036,YES,NO,,,NO
2019-03-30 14:49:00,298,King Farm Blvd & Pleasant Dr,39.114688,-77.171487,9,8,249314334,32037,YES,NO,,,NO
2019-03-30 14:49:00,299,King Farm Blvd & Piccard Dr,39.110313999999995,-77.18266899999999,3,12,249314335,32038,YES,NO,,,NO
2019-03-30 14:49:00,301,Calvert St & Woodley Pl NW,38.923583,-77.050046,0,18,249314336,31121,YES,NO,,,NO
2019-03-30 14:49:00,302,New Jersey Ave & N St NW/Dunbar HS,38.90706,-77.015231,1,18,249314337,31636,YES,NO,,,NO
2019-03-30 14:49:00,303,Nannie Helen Burroughs Ave & 49th St NE,38.898536,-76.931862,3,7,249314338,31710,YES,NO,,,NO
2019-03-30 14:49:00,304,Deanwood Rec Center,38.908473,-76.933099,3,11,249314339,31711,YES,NO,,,NO
2019-03-30 14:49:00,305,Hains Point/Buckeye & Ohio Dr SW,38.878433,-77.03023,14,0,249314340,31273,YES,NO,,,NO
2019-03-30 14:49:00,306,Arlington Blvd & Fillmore St,38.873754999999996,-77.089233,5,5,249314341,31070,YES,NO,,,NO
2019-03-30 14:49:00,307,Eads St & 12th St S,38.862753,-77.05427999999999,3,14,249314342,31071,YES,NO,,,NO
2019-03-30 14:49:00,308,Old Georgetown Rd & Southwick St,38.999634,-77.109647,0,18,249314343,32039,YES,NO,,,NO
2019-03-30 14:49:00,309,Friendship Blvd & Willard Ave,38.961149999999996,-77.08865899999999,9,9,249314344,32040,YES,NO,,,NO
2019-03-30 14:49:00,310,North Capitol St & G Pl NE,38.899702999999995,-77.008911,2,14,249314345,31637,YES,NO,,,NO
2019-03-30 14:49:00,311,31st St & S Woodrow St,38.837666,-77.09482,3,8,249314346,31072,YES,NO,,,NO
2019-03-30 14:49:00,312,Washington Blvd & Walter Reed Dr,38.873219,-77.082104,4,10,249314347,31073,YES,NO,,,NO
2019-03-30 14:49:00,313,TJ Cmty Ctr / 2nd St & S Old Glebe Rd,38.869417999999996,-77.095596,9,3,249314348,31074,YES,NO,,,NO
2019-03-30 14:49:00,314,Connecticut Ave & Tilden St NW,38.941154,-77.06203599999999,0,14,249314349,31313,YES,NO,,,NO
2019-03-30 14:49:00,315,Medical Center Dr & Key West Ave,39.103091,-77.19644199999999,0,15,249314350,32041,YES,NO,,,NO
2019-03-30 14:49:00,316,Shady Grove Hospital,39.097636,-77.196636,8,11,249314351,32042,YES,NO,,,NO
2019-03-30 14:49:00,317,Veterans Pl & Pershing Dr,38.997445,-77.023894,8,3,249314352,32043,YES,NO,,,NO
2019-03-30 14:49:00,318,Rockville Metro East,39.085394,-77.145803,12,1,249314353,32044,YES,NO,,,NO
2019-03-30 14:49:00,319,1st & H St NW,38.900358,-77.012108,4,10,249314354,31638,YES,NO,,,NO
2019-03-30 14:49:00,320,Fort Totten Metro,38.952369,-77.002721,10,8,249314355,31515,YES,NO,,,NO
2019-03-30 14:49:00,321,Takoma Metro,38.975218999999996,-77.01685499999999,4,11,249314356,31408,YES,NO,,,NO
2019-03-30 14:49:00,322,Rhode Island Ave Metro,38.920682,-76.995876,7,12,249314357,31516,YES,NO,,,NO
2019-03-30 14:49:00,323,Rolfe St & 9th St S,38.866471,-77.07613099999999,0,11,249314358,31075,YES,NO,,,NO
2019-03-30 14:49:00,324,Shirlington Transit Center / Quincy St & Randolph St,38.839912,-77.08708299999999,6,9,249314359,31076,YES,NO,,,NO
2019-03-30 14:49:00,325,Shady Grove Metro West,39.119765,-77.166093,5,14,249314360,32045,YES,NO,,,NO
2019-03-30 14:49:00,326,River Rd & Landy Ln,38.964991999999995,-77.103381,1,16,249314361,32046,YES,NO,,,NO
2019-03-30 14:49:00,327,Rockville Metro West,39.084379,-77.146866,12,7,249314362,32047,YES,NO,,,NO
2019-03-30 14:49:00,328,Bethesda Metro / Wisconsin Ave & Old Georgetown Rd,38.984691,-77.094537,1,11,249314363,32048,YES,NO,,,NO
2019-03-30 14:49:00,329,Iwo Jima Memorial / Meade & 14th St N,38.88992,-77.07130099999999,6,10,249314364,31077,YES,NO,,,NO
2019-03-30 14:49:00,330,34th & Water St NW,38.903663,-77.067668,13,3,249314365,31314,YES,NO,,,NO
2019-03-30 14:49:00,331,Duke St & John Carlyle St,38.804378,-77.06086599999999,7,7,249314366,31081,YES,NO,,,NO
2019-03-30 14:49:00,332,Lee Hwy & N Cleveland St,38.894940999999996,-77.09169,4,11,249314367,31079,YES,NO,,,NO
2019-03-30 14:49:00,333,Arlington Blvd & S George Mason Dr,38.869442,-77.104503,1,14,249314368,31078,YES,NO,,,NO
2019-03-30 14:49:00,334,10th & G St NW,38.898243,-77.026235,15,6,249314369,31274,YES,NO,,,NO
2019-03-30 14:49:00,335,Lee Hwy & N Scott St,38.897611999999995,-77.080851,0,15,249314370,31080,YES,NO,,,NO
2019-03-30 14:49:00,336,New Hampshire Ave & 24th St NW,38.901755,-77.051084,2,15,249314371,31275,YES,NO,,,NO
2019-03-30 14:49:00,337,Eisenhower Ave & Mill Race Ln,38.801111,-77.068952,7,7,249314372,31082,YES,NO,,,NO
2019-03-30 14:49:00,338,Potomac Greens Dr & Slaters Ln,38.82175,-77.047494,6,4,249314373,31083,YES,NO,,,NO
2019-03-30 14:49:00,339,Ballenger Ave & Dulaney St,38.802676999999996,-77.06356199999999,5,13,249314374,31084,YES,NO,,,NO
2019-03-30 14:49:00,340,Mount Vernon Ave & E Nelson Ave,38.820063999999995,-77.057619,1,10,249314375,31085,YES,NO,,,NO
2019-03-30 14:49:00,341,Mount Vernon Ave & E Del Ray Ave,38.82595,-77.05854099999999,8,5,249314376,31086,YES,NO,,,NO
2019-03-30 14:49:00,342,Monroe Ave & Leslie Ave,38.820932,-77.053096,3,12,249314377,31087,YES,NO,,,NO
2019-03-30 14:49:00,343,Mount Vernon Ave & Kennedy St,38.833076999999996,-77.059821,9,4,249314378,31088,YES,NO,,,NO
2019-03-30 14:49:00,344,Court House Metro / 15th St & N Uhle St,38.890612,-77.084801,5,14,249314379,31089,YES,NO,,,NO
2019-03-30 14:49:00,345,WAU / Flower Ave & Division St,38.986743,-77.000035,9,6,249314380,32049,YES,NO,,,NO
2019-03-30 14:49:00,346,Long Bridge Park / Long Bridge Dr & 6th St S,38.865553,-77.05002999999999,0,14,249314381,31090,YES,NO,,,NO
2019-03-30 14:49:00,347,Connecticut Ave & McKinley St NW,38.964544,-77.075135,9,9,249314382,31315,YES,NO,,,NO
2019-03-30 14:49:00,348,15th & L St NW,38.903659999999995,-77.034846,0,22,249314383,31276,YES,NO,,,NO
2019-03-30 14:49:00,349,17th & G St NW,38.89841,-77.039624,10,19,249314384,31277,YES,NO,,,NO
2019-03-30 14:49:00,350,Spring St & 2nd Ave,38.997653,-77.034499,8,6,249314385,32050,YES,NO,,,NO
2019-03-30 14:49:00,351,18th & R St NW,38.912648,-77.041834,1,18,249314386,31278,YES,NO,,,NO
2019-03-30 14:49:00,352,Joyce St & 16th St S,38.859254,-77.06327499999999,5,8,249314387,31091,YES,NO,,,NO
2019-03-30 14:49:00,353,Union Market,38.907908,-76.99707,18,4,249314388,31517,YES,NO,,,NO
2019-03-30 14:49:00,354,Lee Hwy & N Monroe St,38.896456,-77.104562,6,9,249314389,31092,YES,NO,,,NO
2019-03-30 14:49:00,355,21st St & N Pierce St,38.898984,-77.078317,1,13,249314390,31093,YES,NO,,,NO
2019-03-30 14:49:00,356,Lee Hwy & N Kirkwood Rd,38.895376999999996,-77.09712999999999,10,5,249314391,31094,YES,NO,,,NO
2019-03-30 14:49:00,357,19th & G St NW,38.898412,-77.043182,1,20,249314392,31279,YES,NO,,,NO
2019-03-30 14:49:00,358,2nd St & Seaton Pl NE,38.914750999999995,-77.00356,3,15,249314393,31522,YES,NO,,,NO
2019-03-30 14:49:00,359,Wilson Blvd & N Illinois St,38.876528,-77.12711999999999,6,8,249314394,31902,YES,NO,,,NO
2019-03-30 14:49:00,364,Army Navy Dr & S Nash St,38.86215,-77.06812099999999,5,6,249314395,31095,YES,NO,,,NO
2019-03-30 14:49:00,365,31st & Water St NW,38.902814,-77.061043,15,0,249314396,31293,YES,NO,,,NO
2019-03-30 14:49:00,367,11th & S St NW,38.913761,-77.027025,1,22,249314397,31280,YES,NO,,,NO
2019-03-30 14:49:00,368,Walter Reed Dr & 8th St S,38.866119999999995,-77.08787,4,11,249314398,31096,YES,NO,,,NO
2019-03-30 14:49:00,369,2nd & G St NE,38.89967,-77.003666,6,17,249314399,31639,YES,NO,,,NO
2019-03-30 14:49:00,370,8th & O St NW,38.90864,-77.02277,5,11,249314400,31281,YES,NO,,,NO
2019-03-30 14:49:00,371,Georgia & Missouri Ave NW,38.961338999999995,-77.027855,12,6,249314401,31411,YES,NO,,,NO
2019-03-30 14:49:00,373,Oklahoma Ave & D St NE,38.894473999999995,-76.974828,0,19,249314402,31712,YES,NO,,,NO
2019-03-30 14:49:00,374,Maryland Ave & E St NE,38.896133999999996,-76.9929,2,16,249314403,31640,YES,NO,,,NO
2019-03-30 14:49:00,375,New York Ave & Hecht Ave NE,38.915603999999995,-76.983683,19,2,249314404,31518,YES,NO,,,NO
2019-03-30 14:49:00,376,Yuma St & Tenley Circle NW,38.946182,-77.08059,4,15,249314405,31316,YES,NO,,,NO
2019-03-30 14:49:00,377,Connecticut Ave & Chevy Chase Lake Dr,38.994113,-77.07698599999999,7,6,249314406,32051,YES,NO,,,NO
2019-03-30 14:49:00,378,Key West Ave & Siesta Key Way,39.105295,-77.194774,10,5,249314407,32052,YES,NO,,,NO
2019-03-30 14:49:00,379,Lee Hwy & N Woodstock St,38.898301,-77.118009,12,7,249314408,31900,YES,NO,,,NO
2019-03-30 14:49:00,380,Saint Asaph St & Madison St,38.812718,-77.044097,5,10,249314409,31097,YES,NO,,,NO
2019-03-30 14:49:00,381,King St Metro North / Cameron St,38.80704,-77.059817,10,4,249314410,31098,YES,NO,,,NO
2019-03-30 14:49:00,382,Madison St & N Henry St,38.813485,-77.04946799999999,14,0,249314411,31099,YES,NO,,,NO
2019-03-30 14:49:00,383,Medical Center Metro,38.999378,-77.097882,3,16,249314412,32053,YES,NO,,,NO
2019-03-30 14:49:00,384,Washington Blvd & N Frederick St,38.884828999999996,-77.12767099999999,3,8,249314413,31901,YES,NO,,,NO
2019-03-30 14:49:00,385,Wisconsin Ave & Ingomar St NW,38.958267,-77.084636,11,8,249314414,31317,YES,NO,,,NO
2019-03-30 14:49:00,386,16th & Irving St NW,38.928892999999995,-77.03625,0,17,249314415,31122,YES,NO,,,NO
2019-03-30 14:49:00,387,16th & R St NW,38.912652,-77.036278,1,18,249314416,31282,YES,NO,,,NO
2019-03-30 14:49:00,388,Lyttonsville Rd & Lyttonsville Pl,38.999679,-77.05116799999999,7,7,249314417,32054,YES,NO,,,NO
2019-03-30 14:49:00,389,Woodmont Ave & Strathmore St,38.979875,-77.093522,0,11,249314418,32055,YES,NO,,,NO
2019-03-30 14:49:00,390,14th & L St NW,38.903658,-77.03173699999999,1,16,249314419,31283,YES,NO,,,NO
2019-03-30 14:49:00,391,1st & O St NW,38.908643,-77.012365,0,15,249314420,31519,YES,NO,,,NO
2019-03-30 14:49:00,392,South Capitol & Atlantic St SW,38.831516,-77.008133,2,17,249314421,31811,YES,NO,,,NO
2019-03-30 14:49:00,393,18th & C St NW,38.893511,-77.041544,13,0,249314422,31284,YES,NO,,,NO
2019-03-30 14:49:00,394,22nd & P ST NW,38.909394,-77.048728,3,15,249314423,31285,YES,NO,,,NO
2019-03-30 14:49:00,395,East West Hwy & 16th St,38.995681,-77.038721,3,16,249314424,32056,YES,NO,,,NO
2019-03-30 14:49:00,396,Royal St & Wilkes St,38.799267,-77.0447,14,1,249314425,31903,YES,NO,,,NO
2019-03-30 14:49:00,397,14th & Girard St NW,38.925284,-77.032375,0,22,249314426,31123,YES,NO,,,NO
2019-03-30 14:49:00,398,Potomac Ave & Main Line Blvd,38.822738,-77.04926499999999,5,13,249314427,31910,YES,NO,,,NO
2019-03-30 14:49:00,399,11th & O St NW,38.908429999999996,-77.02714,5,12,249314428,31286,YES,NO,,,NO
2019-03-30 14:49:00,400,10th St & L'Enfant Plaza SW,38.884322999999995,-77.02601,18,5,249314429,31287,YES,NO,,,NO
2019-03-30 14:49:00,401,Connecticut Ave & Yuma St NW,38.947156,-77.06511499999999,11,8,249314430,31318,YES,NO,,,NO
2019-03-30 14:49:00,402,2nd St & Massachusetts Ave NE,38.894971999999996,-77.003135,8,14,249314431,31641,YES,NO,,,NO
2019-03-30 14:49:00,403,Radford St & Osage St,38.828437,-77.08603099999999,13,8,249314432,31908,YES,NO,,,NO
2019-03-30 14:49:00,404,East Falls Church Metro / Sycamore St & 19th St N,38.884859,-77.155988,1,16,249314433,31904,YES,NO,,,NO
2019-03-30 14:49:00,405,Kennebec St & 11th St N,38.880992,-77.135271,5,10,249314434,31905,YES,NO,,,NO
2019-03-30 14:49:00,406,Commonwealth Ave & Oak St,38.812711,-77.06171499999999,8,10,249314435,31906,YES,NO,,,NO
2019-03-30 14:49:00,407,Commonwealth Ave & E Monroe Ave,38.820057999999996,-77.062821,9,6,249314436,31913,YES,NO,,,NO
2019-03-30 14:49:00,408,4th St & Madison Dr NW,38.890493,-77.017253,29,1,249314437,31288,YES,NO,,,NO
2019-03-30 14:49:00,409,Henry Bacon Dr & Lincoln Memorial Circle NW,38.890544,-77.049379,17,0,249314438,31289,YES,NO,,,NO
2019-03-30 14:49:00,410,17th St & Independence Ave SW,38.888096999999995,-77.038325,13,0,249314439,31290,YES,NO,,,NO
2019-03-30 14:49:00,411,Franklin St & S Washington St,38.798133,-77.0487,11,8,249314440,31907,YES,NO,,,NO
2019-03-30 14:49:00,412,Mount Vernon Ave & Four Mile Run Park,38.843422,-77.064016,11,4,249314441,31909,YES,NO,,,NO
2019-03-30 14:49:00,413,New Jersey Ave & L St NW,38.903597999999995,-77.01397,12,10,249314442,31642,YES,NO,,,NO
2019-03-30 14:49:00,414,Mount Vernon Ave & Bruce St,38.841291,-77.063093,2,11,249314443,31912,YES,NO,,,NO
2019-03-30 14:49:00,415,Lee Center,38.797557,-77.053766,3,10,249314444,31914,YES,NO,,,NO
2019-03-30 14:49:00,416,Powhatan St & Bashford Ln,38.818748,-77.047783,1,14,249314445,31915,YES,NO,,,NO
2019-03-30 14:49:00,417,Potomac Ave & Swann Ave,38.829544999999996,-77.047844,0,19,249314446,31916,YES,NO,,,NO
2019-03-30 14:49:00,418,14th & Irving St NW,38.928551999999996,-77.032224,13,14,249314447,31124,YES,NO,,,NO
2019-03-30 14:49:00,419,Vermont Ave & I St NW,38.901136,-77.03445099999999,1,22,249314448,31291,YES,NO,,,NO
2019-03-30 14:49:00,420,Wisconsin Ave & Brandywine St NW,38.949813,-77.08021699999999,8,16,249314449,31319,YES,NO,,,NO
2019-03-30 14:49:00,421,24th & R St NE / National Arboretum,38.91263,-76.97192299999999,10,7,249314450,31520,YES,NO,,,NO
2019-03-30 14:49:00,422,Division Ave & Foote St NE,38.897407,-76.925907,4,9,249314451,31713,YES,NO,,,NO
2019-03-30 14:49:00,423,16th & Q St SE / Anacostia HS,38.870695,-76.982359,14,9,249314452,31812,YES,NO,,,NO
2019-03-30 14:49:00,424,Spring Hill Metro,38.929261,-77.24065399999999,10,5,249314453,32200,YES,NO,,,NO
2019-03-30 14:49:00,425,Westpark Dr & Leesburg Pike,38.924029999999995,-77.23595499999999,4,7,249314454,32201,YES,NO,,,NO
2019-03-30 14:49:00,427,Tysons One Pl & Chain Bridge Rd,38.919475,-77.22117899999999,6,5,249314455,32203,YES,NO,,,NO
2019-03-30 14:49:00,428,Tysons Corner Station,38.920939,-77.222115,8,3,249314456,32204,YES,NO,,,NO
2019-03-30 14:49:00,429,Westpark & Jones Branch Dr,38.924437,-77.217664,10,1,249314457,32205,YES,NO,,,NO
2019-03-30 14:49:00,430,Jones Branch & Westbranch Dr,38.931911,-77.219261,6,6,249314458,32206,YES,NO,,,NO
2019-03-30 14:49:00,431,Westpark & Park Run Dr,38.928919,-77.225394,9,1,249314459,32207,YES,NO,,,NO
2019-03-30 14:49:00,432,Tysons West Transit Center,38.932635999999995,-77.231825,10,1,249314460,32208,YES,NO,,,NO
2019-03-30 14:49:00,433,North Shore & Cameron Crescent Dr/Crescent Apartments,38.970045999999996,-77.338686,7,3,249314461,32209,YES,NO,,,NO
2019-03-30 14:49:00,434,Town Center Pkwy & Bowman Towne Dr,38.962523999999995,-77.361902,6,9,249314462,32210,YES,NO,,,NO
2019-03-30 14:49:00,435,Reston Regional Library,38.962095,-77.35881499999999,6,9,249314463,32211,YES,NO,,,NO
2019-03-30 14:49:00,436,New Dominion Pkwy & Fountain Dr,38.960574,-77.356324,3,12,249314464,32212,YES,NO,,,NO
2019-03-30 14:49:00,437,Sunset Hills & Old Reston Ave,38.955079,-77.351649,12,3,249314465,32213,YES,NO,,,NO
2019-03-30 14:49:00,91,13th St & New York Ave NW,38.900283,-77.029822,9,13,249314466,31227,YES,NO,,,NO
2019-03-30 14:49:00,106,17th & K St NW / Farragut Square,38.902060999999996,-77.038322,6,26,249314467,31233,YES,NO,,,NO
2019-03-30 14:49:00,1,Eads St & 15th St S,38.858971,-77.05323,0,15,249314468,31000,YES,NO,,,NO
2019-03-30 14:49:00,2,18th St & S Eads St,38.85725,-77.05332,1,8,249314469,31001,YES,NO,,,NO
2019-03-30 14:49:00,3,Crystal Dr & 20th St S,38.856425,-77.049232,1,14,249314470,31002,YES,NO,,,NO
2019-03-30 14:49:00,4,Crystal Dr & 15th St S,38.86017,-77.049593,0,8,249314471,31003,YES,NO,,,NO
2019-03-30 14:49:00,5,Aurora Hills Cmty Ctr / 18th St & S Hayes St,38.857866,-77.05949,1,10,249314472,31004,YES,NO,,,NO
2019-03-30 14:49:00,6,Pentagon City Metro / 12th St & S Hayes St,38.862303,-77.059936,2,15,249314473,31005,YES,NO,,,NO
2019-03-30 14:49:00,7,Army Navy Dr & S Joyce St,38.8637,-77.0633,3,11,249314474,31006,YES,NO,,,NO
2019-03-30 14:49:00,8,Crystal City Metro / 18th St & S Bell St,38.857405,-77.051132,0,18,249314475,31007,YES,NO,,,NO
2019-03-30 14:49:00,10,Crystal Dr & 27th St S,38.848465999999995,-77.051514,0,11,249314476,31009,YES,NO,,,NO
2019-03-30 14:49:00,11,S Glebe Rd & Potomac Ave,38.842600000000004,-77.0502,1,10,249314477,31010,YES,NO,,,NO
2019-03-30 14:49:00,12,Crystal Dr & 23rd St S,38.853300000000004,-77.0498,0,15,249314478,31011,YES,NO,,,NO
2019-03-30 14:49:00,13,Clark St & 26th St S,38.850688,-77.05152,0,10,249314479,31012,YES,NO,,,NO
2019-03-30 14:49:00,14,19th St & Pennsylvania Ave NW,38.9003,-77.0429,0,12,249314480,31100,YES,NO,,,NO
2019-03-30 14:49:00,15,14th & V St NW,38.9176,-77.0321,1,25,249314481,31101,YES,NO,,,NO
2019-03-30 14:49:00,16,11th & Kenyon St NW,38.929463999999996,-77.027822,0,27,249314482,31102,YES,NO,,,NO
2019-03-30 14:49:00,17,16th & Harvard St NW,38.926088,-77.036536,0,32,249314483,31103,YES,NO,,,NO
2019-03-30 14:49:00,18,Adams Mill & Columbia Rd NW,38.922925,-77.042581,0,15,249314484,31104,YES,NO,,,NO
2019-03-30 14:49:00,19,14th & Harvard St NW,38.9268,-77.0322,1,18,249314485,31105,YES,NO,,,NO
2019-03-30 14:49:00,20,Calvert & Biltmore St NW,38.923203,-77.047637,0,19,249314486,31106,YES,NO,,,NO
2019-03-30 14:49:00,21,Lamont & Mt Pleasant NW,38.9319,-77.03880000000001,2,17,249314487,31107,YES,NO,,,NO
2019-03-30 14:49:00,22,4th & M St SW,38.8767,-77.01780000000001,3,18,249314488,31108,YES,NO,,,NO
2019-03-30 14:49:00,23,15th & P St NW,38.90985,-77.034438,2,16,249314489,31201,YES,NO,,,NO
2019-03-30 14:49:00,24,14th & R St NW,38.912939,-77.032085,7,10,249314490,31202,YES,NO,,,NO
2019-03-30 14:49:00,25,14th & Rhode Island Ave NW,38.9086,-77.0323,3,20,249314491,31203,YES,NO,,,NO
2019-03-30 14:49:00,26,20th & E St NW,38.896300000000004,-77.045,1,11,249314492,31204,YES,NO,,,NO
2019-03-30 14:49:00,27,21st & I St NW,38.900800000000004,-77.047,20,14,249314493,31205,YES,NO,,,NO
2019-03-30 14:49:00,28,Georgia & New Hampshire Ave NW,38.936043,-77.024649,0,13,249314494,31400,YES,NO,,,NO
2019-03-30 14:49:00,29,14th St & Spring Rd NW,38.9375,-77.03280000000001,1,18,249314495,31401,YES,NO,,,NO
2019-03-30 14:49:00,30,John McCormack Dr & Michigan Ave NE,38.9346,-76.9955,5,6,249314496,31502,YES,NO,,,NO
2019-03-30 14:49:00,31,5th & K St NW,38.90304,-77.019027,3,15,249314497,31600,YES,NO,,,NO
2019-03-30 14:49:00,32,19th & East Capitol St SE,38.8896,-76.9769,0,13,249314498,31601,YES,NO,,,NO
2019-03-30 14:49:00,33,Park Rd & Holmead Pl NW,38.930800000000005,-77.03150000000001,0,17,249314499,31602,YES,NO,,,NO
2019-03-30 14:49:00,34,Good Hope & Naylor Rd SE,38.860226999999995,-76.966572,3,8,249314500,31700,YES,NO,,,NO
2019-03-30 14:49:00,35,Connecticut Ave & Newark St NW / Cleveland Park,38.934267,-77.057979,0,10,249314501,31305,YES,NO,,,NO
2019-03-30 14:49:00,36,Randle Circle & Minnesota Ave SE,38.878,-76.9607,3,8,249314502,31702,YES,NO,,,NO
2019-03-30 14:49:00,37,Minnesota Ave Metro/DOES,38.897062999999996,-76.947446,4,11,249314503,31703,YES,NO,,,NO
2019-03-30 14:49:00,38,Nannie Helen Burroughs & Minnesota Ave NE,38.901385,-76.94187699999999,8,3,249314504,31704,YES,NO,,,NO
2019-03-30 14:49:00,39,Anacostia Metro,38.862669,-76.994637,7,4,249314505,31801,YES,NO,,,NO
2019-03-30 14:49:00,40,Good Hope Rd & MLK Ave SE,38.867373,-76.988039,7,3,249314506,31802,YES,NO,,,NO
2019-03-30 14:49:00,41,19th & E Street NW,38.8952,-77.0436,6,5,249314507,31206,YES,NO,,,NO
2019-03-30 14:49:00,42,4th & W St NE,38.919077,-77.000648,1,12,249314508,31500,YES,NO,,,NO
2019-03-30 14:49:00,43,10th & U St NW,38.9172,-77.02590000000001,2,11,249314509,31111,YES,NO,,,NO
2019-03-30 14:49:00,44,Georgia Ave and Fairmont St NW,38.9249,-77.0222,0,8,249314510,31207,YES,NO,,,NO
2019-03-30 14:49:00,45,1st & N St  SE,38.874300000000005,-77.0057,34,4,249314511,31209,YES,NO,,,NO
2019-03-30 14:49:00,46,20th St & Florida Ave NW,38.915400000000005,-77.0446,0,11,249314512,31110,YES,NO,,,NO
2019-03-30 14:49:00,47,7th & T St NW,38.9155,-77.0222,13,0,249314513,31109,YES,NO,,,NO
2019-03-30 14:49:00,48,Eads St & 22nd St S,38.854381,-77.053412,0,15,249314514,31013,YES,NO,,,NO
2019-03-30 14:49:00,49,M St & New Jersey Ave SE,38.8763,-77.00370000000001,5,10,249314515,31208,YES,NO,,,NO
2019-03-30 14:49:00,51,Massachusetts Ave & Dupont Circle NW,38.9101,-77.04440000000001,7,32,249314516,31200,YES,NO,,,NO
2019-03-30 14:49:00,52,1st & M St NE,38.9057,-77.0056,2,13,249314517,31603,YES,NO,,,NO
2019-03-30 14:49:00,53,21st & M St NW,38.905339999999995,-77.046774,4,13,249314518,31212,YES,NO,,,NO
2019-03-30 14:49:00,54,17th & K St NW,38.90276,-77.03863,2,17,249314519,31213,YES,NO,,,NO
2019-03-30 14:49:00,55,3rd & H St NW,38.899408,-77.015289,0,15,249314520,31604,YES,NO,,,NO
2019-03-30 14:49:00,56,3rd & D St SE,38.8851,-77.0023,6,4,249314521,31605,YES,NO,,,NO
2019-03-30 14:49:00,57,Potomac & Pennsylvania Ave SE,38.880300000000005,-76.9862,2,11,249314522,31606,YES,NO,,,NO
2019-03-30 14:49:00,58,13th & E St SE,38.882915,-76.98790699999999,0,15,249314523,31607,YES,NO,,,NO
2019-03-30 14:49:00,59,17th & Corcoran St NW,38.9121,-77.0387,1,15,249314524,31214,YES,NO,,,NO
2019-03-30 14:49:00,60,Van Ness Metro / UDC,38.944551,-77.063896,1,14,249314525,31300,YES,NO,,,NO
2019-03-30 14:49:00,61,Florida Ave & R St NW,38.912600000000005,-77.01350000000001,0,13,249314526,31503,YES,NO,,,NO
2019-03-30 14:49:00,62,8th & Eye St SE / Barracks Row,38.879200000000004,-76.9953,4,5,249314527,31608,YES,NO,,,NO
2019-03-30 14:49:00,63,Ward Circle / American University,38.938736,-77.087171,2,13,249314528,31301,YES,NO,,,NO
2019-03-30 14:49:00,64,Wisconsin Ave & Newark St NW,38.934881,-77.072755,0,16,249314529,31302,YES,NO,,,NO
2019-03-30 14:49:00,65,14th St Heights / 14th & Crittenden St NW,38.947773999999995,-77.03281799999999,5,6,249314530,31402,YES,NO,,,NO
2019-03-30 14:49:00,66,Anacostia Library,38.865784,-76.97840000000001,7,4,249314531,31804,YES,NO,,,NO
2019-03-30 14:49:00,67,Pennsylvania & Minnesota Ave SE,38.873056999999996,-76.971015,9,0,249314532,31805,YES,NO,,,NO
2019-03-30 14:49:00,68,Eastern Market / 7th & North Carolina Ave SE,38.886952,-76.99680599999999,3,10,249314533,31610,YES,NO,,,NO
2019-03-30 14:49:00,69,14th St & New York Ave NW,38.899632,-77.031686,10,11,249314534,31216,YES,NO,,,NO
2019-03-30 14:49:00,70,Benning Branch Library,38.894,-76.947974,6,5,249314535,31705,YES,NO,,,NO
2019-03-30 14:49:00,71,USDA / 12th & C St SW,38.886277,-77.02824199999999,37,0,249314536,31217,YES,NO,,,NO
2019-03-30 14:49:00,72,Georgetown Harbor / 30th St NW,38.902221,-77.059219,17,0,249314537,31215,YES,NO,,,NO
