2019-03-30 15:05:00,211,Columbia Pike & S Courthouse Rd,38.863833,-77.080319,3,10,249315969,31053,YES,NO,,,NO
2019-03-30 15:05:00,212,Walter Reed Dr & 16th St S,38.857803,-77.086733,6,5,249315970,31054,YES,NO,,,NO
2019-03-30 15:05:00,213,28th St & S Meade St,38.846222,-77.06927499999999,4,11,249315971,31055,YES,NO,,,NO
2019-03-30 15:05:00,214,18th St & Wyoming Ave NW,38.918808999999996,-77.04157099999999,0,23,249315972,31114,YES,NO,,,NO
2019-03-30 15:05:00,215,5th & Kennedy St NW,38.956556,-77.019814,7,7,249315973,31403,YES,NO,,,NO
2019-03-30 15:05:00,216,Georgia Ave & Emerson St NW,38.949662,-77.027333,10,9,249315974,31405,YES,NO,,,NO
2019-03-30 15:05:00,217,14th & Upshur St NW,38.942015999999995,-77.032652,9,10,249315975,31406,YES,NO,,,NO
2019-03-30 15:05:00,218,14th St & Colorado Ave NW,38.956432,-77.032947,18,1,249315976,31407,YES,NO,,,NO
2019-03-30 15:05:00,219,Troy St & 26th St S,38.847977,-77.075104,6,5,249315977,31056,YES,NO,,,NO
2019-03-30 15:05:00,220,Four Mile Run Dr & S Shirlington Rd,38.8444,-77.085931,1,9,249315978,31057,YES,NO,,,NO
2019-03-30 15:05:00,221,Columbia Pike & S Oakland St,38.860789,-77.09586,3,8,249315979,31058,YES,NO,,,NO
2019-03-30 15:05:00,222,Four Mile Run Dr & S Walter Reed Dr,38.847359999999995,-77.09543099999999,0,10,249315980,31059,YES,NO,,,NO
2019-03-30 15:05:00,223,S Arlington Mill Dr & Campbell Ave,38.84232,-77.08955499999999,3,9,249315981,31060,YES,NO,,,NO
2019-03-30 15:05:00,224,Kenmore St & 24th St S,38.848454,-77.084918,7,3,249315982,31061,YES,NO,,,NO
2019-03-30 15:05:00,225,13th St & Eastern Ave,38.987,-77.029417,1,14,249315983,32006,YES,NO,,,NO
2019-03-30 15:05:00,226,Wisconsin Ave & O St NW,38.90849,-77.063586,1,17,249315984,31312,YES,NO,,,NO
2019-03-30 15:05:00,227,Roosevelt Island,38.896553,-77.06714,6,5,249315985,31062,YES,NO,,,NO
2019-03-30 15:05:00,228,Connecticut & Nebraska Ave NW,38.955016,-77.06995599999999,9,14,249315986,31310,YES,NO,,,NO
2019-03-30 15:05:00,229,17th St & Massachusetts Ave NW,38.908142,-77.038359,1,13,249315987,31267,YES,NO,,,NO
2019-03-30 15:05:00,230,15th & Euclid St  NW,38.92333,-77.0352,1,14,249315988,31117,YES,NO,,,NO
2019-03-30 15:05:00,231,8th & East Capitol St NE,38.889987999999995,-76.995193,0,11,249315989,31629,YES,NO,,,NO
2019-03-30 15:05:00,232,New Jersey Ave & R St NW,38.912659,-77.017669,3,10,249315990,31509,YES,NO,,,NO
2019-03-30 15:05:00,233,15th & East Capitol St NE,38.889908,-76.98332599999999,1,10,249315991,31630,YES,NO,,,NO
2019-03-30 15:05:00,234,8th & F St NE,38.897273999999996,-76.994749,4,11,249315992,31631,YES,NO,,,NO
2019-03-30 15:05:00,235,18th St & Rhode Island Ave NE,38.927095,-76.97892399999999,7,8,249315993,31510,YES,NO,,,NO
2019-03-30 15:05:00,236,15th & F St NE,38.897194999999996,-76.983575,3,16,249315994,31632,YES,NO,,,NO
2019-03-30 15:05:00,237,12th & Irving St NE,38.928644,-76.990955,10,5,249315995,31511,YES,NO,,,NO
2019-03-30 15:05:00,239,Alabama & MLK Ave SE,38.84323,-76.999376,9,2,249315996,31800,YES,NO,,,NO
2019-03-30 15:05:00,240,Pleasant St & MLK Ave SE,38.863897,-76.990037,5,5,249315997,31807,YES,NO,,,NO
2019-03-30 15:05:00,241,Neal St & Trinidad Ave NE,38.903732,-76.987211,9,6,249315998,31512,YES,NO,,,NO
2019-03-30 15:05:00,242,12th & U St NW,38.916787,-77.028139,17,13,249315999,31268,YES,NO,,,NO
2019-03-30 15:05:00,243,S George Mason & Four Mile Run Dr,38.852247999999996,-77.10502199999999,3,7,249316000,31063,YES,NO,,,NO
2019-03-30 15:05:00,244,Gravelly Point,38.865029,-77.03951099999999,10,4,249316001,31064,YES,NO,,,NO
2019-03-30 15:05:00,245,Pershing Dr & Wayne St,38.880705,-77.08596,2,7,249316002,31065,YES,NO,,,NO
2019-03-30 15:05:00,246,Columbia Pike & S Orme St,38.867262,-77.072315,2,6,249316003,31066,YES,NO,,,NO
2019-03-30 15:05:00,247,3rd St & Pennsylvania Ave SE,38.887378,-77.001955,0,14,249316004,31269,YES,NO,,,NO
2019-03-30 15:05:00,248,8th & D St NW,38.894850999999996,-77.02324,9,0,249316005,31270,YES,NO,,,NO
2019-03-30 15:05:00,249,3rd & Elm St NW,38.917622,-77.01597,0,15,249316006,31118,YES,NO,,,NO
2019-03-30 15:05:00,250,Rhode Island Ave & V St NE,38.918155,-77.004746,10,9,249316007,31513,YES,NO,,,NO
2019-03-30 15:05:00,251,Constitution Ave & 2nd St NW/DOL,38.892275,-77.01391699999999,5,19,249316008,31271,YES,NO,,,NO
2019-03-30 15:05:00,252,Washington & Independence Ave SW/HHS,38.886978,-77.013769,16,13,249316009,31272,YES,NO,,,NO
2019-03-30 15:05:00,253,Independence Ave & L'Enfant Plaza SW/DOE,38.887312,-77.025762,7,5,249316010,31633,YES,NO,,,NO
2019-03-30 15:05:00,254,Hamlin & 7th St NE,38.927496999999995,-76.997194,2,13,249316011,31514,YES,NO,,,NO
2019-03-30 15:05:00,255,Columbia Pike & S Walter Reed Dr,38.862477999999996,-77.08659899999999,0,12,249316012,31067,YES,NO,,,NO
2019-03-30 15:05:00,256,Arlington Mill Cmty Center / Columbia Pike & S Dinwiddie St,38.856319,-77.11153,8,6,249316013,31068,YES,NO,,,NO
2019-03-30 15:05:00,257,Pershing Dr & N George Mason Dr,38.871822,-77.107906,0,8,249316014,31069,YES,NO,,,NO
2019-03-30 15:05:00,258,Fenton St & New York Ave,38.985403999999996,-77.023082,1,14,249316015,32001,YES,NO,,,NO
2019-03-30 15:05:00,259,Bethesda Ave & Arlington Rd,38.981103,-77.097426,0,18,249316016,32002,YES,NO,,,NO
2019-03-30 15:05:00,260,Montgomery Ave & Waverly St,38.983838,-77.09221,0,11,249316017,32003,YES,NO,,,NO
2019-03-30 15:05:00,261,Fallsgrove Blvd & Fallsgrove Dr,39.096312,-77.192672,19,0,249316018,32004,YES,NO,,,NO
2019-03-30 15:05:00,262,Traville Gateway Dr & Gudelsky Dr,39.093782999999995,-77.202501,14,5,249316019,32005,YES,NO,,,NO
2019-03-30 15:05:00,438,Reston Town Center Transit Station,38.957037,-77.359718,2,15,249316020,32214,YES,NO,,,NO
2019-03-30 15:05:00,439,1st & D St SE,38.884916,-77.005965,17,1,249316021,31643,YES,NO,,,NO
2019-03-30 15:05:00,440,Wiehle Ave & Reston Station Blvd,38.949200000000005,-77.3368,15,2,249316022,32215,YES,NO,,,NO
2019-03-30 15:05:00,441,Library St & Freedom Dr,38.959633,-77.358741,8,11,249316023,32216,YES,NO,,,NO
2019-03-30 15:05:00,442,Sunset Hills Rd & Discovery Square,38.95534,-77.35761099999999,3,12,249316024,32217,YES,NO,,,NO
2019-03-30 15:05:00,443,22nd St & Constitution Ave NW,38.892441,-77.048947,16,6,249316025,31292,YES,NO,,,NO
2019-03-30 15:05:00,444,61st St & Banks Pl NE,38.891805,-76.913563,4,13,249316026,31714,YES,NO,,,NO
2019-03-30 15:05:00,445,Temporary Rd & Old Reston Ave,38.960083999999995,-77.353414,7,8,249316027,32218,YES,NO,,,NO
2019-03-30 15:05:00,446,Reston YMCA,38.955314,-77.368416,9,6,249316028,32219,YES,NO,,,NO
2019-03-30 15:05:00,447,Sunset Hills Rd & Isaac Newton Square,38.951443,-77.34037699999999,7,2,249316029,32220,YES,NO,,,NO
2019-03-30 15:05:00,448,N Lynn St & Fairfax Dr,38.89386,-77.07086199999999,0,13,249316030,31917,YES,NO,,,NO
2019-03-30 15:05:00,449,Georgia Ave & Piney Branch Rd NW,38.967504999999996,-77.027976,8,6,249316031,31414,YES,NO,,,NO
2019-03-30 15:05:00,450,Greensboro & International Dr,38.923083,-77.227417,0,11,249316032,32221,YES,NO,,,NO
2019-03-30 15:05:00,451,Madison St & Fairfax St,38.812351,-77.040691,5,9,249316033,31918,YES,NO,,,NO
2019-03-30 15:05:00,452,Sligo Ave & Carroll Ln,38.990874,-77.016311,6,9,249316034,32058,YES,NO,,,NO
2019-03-30 15:05:00,453,15th & W St NW,38.919086,-77.034502,4,15,249316035,31125,YES,NO,,,NO
2019-03-30 15:05:00,454,12th St & Pennsylvania Ave SE,38.882489,-76.990121,3,15,249316036,31644,YES,NO,,,NO
2019-03-30 15:05:00,455,3rd St & Riggs Rd NE,38.957463,-77.002239,10,5,249316037,31412,YES,NO,,,NO
2019-03-30 15:05:00,456,Carlin Springs Rd & N Thomas St,38.876695,-77.112982,1,14,249316038,31919,YES,NO,,,NO
2019-03-30 15:05:00,457,Towers Crescent Dr & Tysons One Pl,38.915245999999996,-77.220157,6,4,249316039,32222,YES,NO,,,NO
2019-03-30 15:05:00,458,6th & K St NE,38.902877,-76.99840499999999,6,12,249316040,31645,YES,NO,,,NO
2019-03-30 15:05:00,459,Pooks Hill Rd & Linden Ave,39.014716,-77.107143,9,6,249316041,32057,YES,NO,,,NO
2019-03-30 15:05:00,460,Takoma Park Rec Center,38.98265,-76.988311,14,1,249316042,32059,YES,NO,,,NO
2019-03-30 15:05:00,461,New Hampshire & Kirklynn Ave,38.988101,-76.988422,8,7,249316043,32061,YES,NO,,,NO
2019-03-30 15:05:00,462,Wheaton Metro / Georgia Ave & Reedie Dr,39.038340999999996,-77.051023,3,8,249316044,32062,YES,NO,,,NO
2019-03-30 15:05:00,463,Amherst Ave & Elkins St,39.044886999999996,-77.047788,0,15,249316045,32063,YES,NO,,,NO
2019-03-30 15:05:00,464,Amherst Ave & Prichard Rd,39.035965,-77.048395,0,15,249316046,32064,YES,NO,,,NO
2019-03-30 15:05:00,465,Grandview & Blueridge Ave,39.043272,-77.053085,13,1,249316047,32065,YES,NO,,,NO
2019-03-30 15:05:00,466,Windham Ln & Amherst Ave,39.032029,-77.04735,11,4,249316048,32066,YES,NO,,,NO
2019-03-30 15:05:00,467,North Shore Dr & Village Rd,38.970411999999996,-77.34078699999999,7,4,249316049,32223,YES,NO,,,NO
2019-03-30 15:05:00,468,Town Center Pkwy & Sunset Hills Rd,38.955171,-77.36309399999999,3,8,249316050,32224,YES,NO,,,NO
2019-03-30 15:05:00,469,3rd & Underwood St NW,38.968834,-77.016258,16,2,249316051,31413,YES,NO,,,NO
2019-03-30 15:05:00,470,18th & Monroe St NE,38.93293,-76.979517,15,4,249316052,31521,YES,NO,,,NO
2019-03-30 15:05:00,471,7th & E St SW,38.883449999999996,-77.02174099999999,1,15,249316053,31294,YES,NO,,,NO
2019-03-30 15:05:00,472,Shady Grove Metro East,39.121327,-77.164969,18,1,249316054,32067,YES,NO,,,NO
2019-03-30 15:05:00,473,Potomac & M St NW,38.905367999999996,-77.06514899999999,16,1,249316055,31295,YES,NO,,,NO
2019-03-30 15:05:00,474,Columbia & Ontario Rd NW,38.924088,-77.040787,0,23,249316056,31296,YES,NO,,,NO
2019-03-30 15:05:00,475,Washington-Liberty High School / N Stafford St & Generals Way,38.888282,-77.111066,10,5,249316057,31920,YES,NO,,,NO
2019-03-30 15:05:00,476,Westover Library / Washington Blvd & N McKinley Rd,38.886047999999995,-77.14231699999999,7,8,249316058,31921,YES,NO,,,NO
2019-03-30 15:05:00,477,Columbia Pike & S Taylor St,38.858523999999996,-77.10372799999999,4,10,249316059,31923,YES,NO,,,NO
2019-03-30 15:05:00,478,Columbus Ave & Tribeca St,39.126000000000005,-77.1673,1,10,249316060,32068,YES,NO,,,NO
2019-03-30 15:05:00,479,Columbus Ave & Gramercy Blvd,39.123329999999996,-77.16485999999999,4,6,249316061,32069,YES,NO,,,NO
2019-03-30 15:05:00,480,Reston Pkwy & Spectrum Dr,38.964208,-77.35428,3,12,249316062,32225,YES,NO,,,NO
2019-03-30 15:05:00,481,Key West Ave & Great Seneca Hwy,39.105641999999996,-77.20385999999999,3,7,249316063,32070,YES,NO,,,NO
2019-03-30 15:05:00,482,Virginia Ave & 25th St NW,38.8995,-77.054155,3,14,249316064,31297,YES,NO,,,NO
2019-03-30 15:05:00,483,15th & M St NW,38.905424,-77.034674,1,15,249316065,31298,YES,NO,,,NO
2019-03-30 15:05:00,484,11th & Girard St NW,38.925636,-77.027112,1,18,249316066,31126,YES,NO,,,NO
2019-03-30 15:05:00,485,Connecticut Ave & R St NW,38.912644,-77.04563999999999,0,18,249316067,31299,YES,NO,,,NO
2019-03-30 15:05:00,486,Wilson Blvd & N Troy St,38.892556,-77.082089,1,13,249316068,31924,YES,NO,,,NO
2019-03-30 15:05:00,487,American University East Campus,38.936298,-77.08712799999999,0,15,249316069,31320,YES,NO,,,NO
2019-03-30 15:05:00,488,15th St & Constitution Ave NW,38.892244,-77.033234,17,0,249316070,31321,YES,NO,,,NO
2019-03-30 15:05:00,489,22nd & H St NW,38.899104,-77.048946,0,15,249316071,31127,YES,NO,,,NO
2019-03-30 15:05:00,490,23rd & M St NW,38.905302999999996,-77.050264,0,16,249316072,31128,YES,NO,,,NO
2019-03-30 15:05:00,491,Corporate Blvd & Omega Dr,39.106971,-77.192645,15,0,249316073,32071,YES,NO,,,NO
2019-03-30 15:05:00,492,Key West Ave & Diamondback Dr,39.106152,-77.202354,8,3,249316074,32072,YES,NO,,,NO
2019-03-30 15:05:00,493,Alabama Ave & Stanton Rd SE / Shops at Park Village,38.84627,-76.98185,8,10,249316075,31813,YES,NO,,,NO
2019-03-30 15:05:00,494,Mississippi Ave & 19th St SE / THEARC,38.84377,-76.97556999999999,8,11,249316076,31814,YES,NO,,,NO
2019-03-30 15:05:00,495,19th & Savannah St SE,38.84623,-76.97703,7,4,249316077,31815,YES,NO,,,NO
2019-03-30 15:05:00,496,4th St & Mississippi Ave SE,38.836,-77.0009,3,16,249316078,31816,YES,NO,,,NO
2019-03-30 15:05:00,497,1st & S Capitol St SE / Oxon Run Trail,38.824481,-77.00549699999999,2,16,249316079,31817,YES,NO,,,NO
2019-03-30 15:05:00,498,Livingston Rd & 3rd St SE,38.82373,-77.00223,3,11,249316080,31818,YES,NO,,,NO
2019-03-30 15:05:00,499,Joliet St & MLK Ave SW/Bald Eagle Rec Ctr,38.819089999999996,-77.01033,4,15,249316081,31819,YES,NO,,,NO
2019-03-30 15:05:00,500,37th & Ely Pl SE,38.883010999999996,-76.949709,3,12,249316082,31715,YES,NO,,,NO
2019-03-30 15:05:00,501,15th St & Pennsylvania Ave NW,38.89635,-77.03338,15,1,249316083,31129,YES,NO,,,NO
2019-03-30 15:05:00,505,Maine Ave & 9th St SW,38.88044,-77.02523599999999,11,2,249316084,31646,YES,NO,,,NO
2019-03-30 15:05:00,506,Lincoln Rd & Seaton Pl NE/Harry Thomas Rec Center,38.915,-77.0078,2,17,249316085,31523,YES,NO,,,NO
2019-03-30 15:05:00,507,Blueridge Ave & Elkin St,39.04313,-77.05006,3,10,249316086,32073,YES,NO,,,NO
2019-03-30 15:05:00,508,Georgia Ave & Kennedy St NW,38.956739999999996,-77.02790999999999,13,6,249316087,31415,YES,NO,,,NO
2019-03-30 15:05:00,509,7th St & Massachusetts Ave NE,38.89222,-76.99602,1,16,249316088,31647,YES,NO,,,NO
2019-03-30 15:05:00,510,Anacostia Park,38.873349999999995,-76.9834,9,10,249316089,31820,YES,NO,,,NO
2019-03-30 15:05:00,511,Twinbrook Metro,39.062041,-77.12077599999999,1,13,249316090,32074,YES,NO,,,NO
2019-03-30 15:05:00,512,White Flint Metro,39.047529999999995,-77.11287,3,22,249316091,32075,YES,NO,,,NO
2019-03-30 15:05:00,513,Citadel Ave & McGrath Blvd,39.049,-77.10933,14,1,249316092,32076,YES,NO,,,NO
2019-03-30 15:05:00,514,Rockville Pike & Old Georgetown Rd,39.049765,-77.11368,4,11,249316093,32077,YES,NO,,,NO
2019-03-30 15:05:00,515,Woodglen Dr & Executive Blvd,39.043169999999996,-77.1135,2,13,249316094,32078,YES,NO,,,NO
2019-03-30 15:05:00,516,Executive Blvd & E Jefferson St,39.04873,-77.12570000000001,6,8,249316095,32079,YES,NO,,,NO
2019-03-30 15:05:00,517,Fishers Ln & Rock Creek Mill Rd,39.0629,-77.11345399999999,5,9,249316096,32080,YES,NO,,,NO
2019-03-30 15:05:00,518,Congressional Ln & E Jefferson St,39.06219,-77.129235,14,0,249316097,32081,YES,NO,,,NO
2019-03-30 15:05:00,519,Garland Ave & Walden Rd,39.000479999999996,-77.00077,8,7,249316098,32082,YES,NO,,,NO
2019-03-30 15:05:00,520,Greensboro & Pinnacle Dr,38.92245,-77.23034,6,7,249316099,32227,YES,NO,,,NO
2019-03-30 15:05:00,521,1301 McCormick Dr / Wayne K. Curry Admin Bldg,38.908391,-76.843263,5,10,249316100,32400,YES,NO,,,NO
2019-03-30 15:05:00,522,Largo Town Center Metro,38.899811,-76.84460399999999,5,11,249316101,32401,YES,NO,,,NO
2019-03-30 15:05:00,523,Baltimore Ave & Van Buren St / Riverdale Park Station,38.969581,-76.937349,8,8,249316102,32402,YES,NO,,,NO
2019-03-30 15:05:00,524,Baltimore Ave & Jefferson St,38.95548,-76.940133,12,3,249316103,32403,YES,NO,,,NO
2019-03-30 15:05:00,525,Perry & 35th St,38.936212999999995,-76.960054,7,8,249316104,32404,YES,NO,,,NO
2019-03-30 15:05:00,544,King Greenleaf Rec Center,38.876211,-77.01244299999999,12,5,249316122,31654,YES,NO,,,NO
2019-03-30 15:05:00,545,Montello Ave & Holbrook Terr NE,38.907444,-76.986813,4,15,249316123,31524,YES,NO,,,NO
2019-03-30 15:05:00,546,New Jersey Ave & F St NW,38.897107999999996,-77.01161599999999,3,30,249316124,31655,YES,NO,,,NO
2019-03-30 15:05:00,547,Maryland Ave & 17th St NE,38.901935,-76.978627,2,17,249316125,31656,YES,NO,,,NO
2019-03-30 15:05:00,548,Massachusetts Ave & 6th St NE,38.892934,-76.998273,1,18,249316126,31657,YES,NO,,,NO
2019-03-30 15:05:00,549,Woodley Park Metro / Calvert St & Connecticut Ave NW,38.923389,-77.051833,2,21,249316127,31323,YES,NO,,,NO
2019-03-30 15:05:00,550,McLean Metro,38.923781,-77.207906,9,8,249316128,32230,YES,NO,,,NO
2019-03-30 15:05:00,551,Trinidad Rec Center,38.906299,-76.983221,9,9,249316129,31525,YES,NO,,,NO
2019-03-30 15:05:00,552,Rosedale Rec Center,38.897808,-76.97963399999999,4,15,249316130,31658,YES,NO,,,NO
2019-03-30 15:05:00,553,11th & C St SE,38.885908,-76.99147599999999,5,13,249316131,31659,YES,NO,,,NO
2019-03-30 15:05:00,554,New Hampshire & Gallatin St NW,38.951595999999995,-77.01280799999999,12,7,249316132,31418,YES,NO,,,NO
2019-03-30 15:05:00,555,United Medical Center,38.835737,-76.983144,10,8,249316133,31823,YES,NO,,,NO
2019-03-30 15:05:00,556,18th & New Hampshire Ave NW,38.911268,-77.04182899999999,0,18,249316134,31324,YES,NO,,,NO
2019-03-30 15:05:00,526,Grand Park & Rose Ave,39.051035,-77.11760000000001,2,12,249316105,32083,YES,NO,,,NO
2019-03-30 15:05:00,527,Potomac Ave & Half St SW,38.870201,-77.010837,21,1,249316106,31648,YES,NO,,,NO
2019-03-30 15:05:00,529,Crystal Dr & Potomac Ave,38.848304,-77.05122,0,10,249316107,31925,YES,NO,,,NO
2019-03-30 15:05:00,530,Largo Rd & Campus Way / Prince Georges's Comm Col,38.889939999999996,-76.825535,11,3,249316108,32405,YES,NO,,,NO
2019-03-30 15:05:00,531,Stanton Square SE,38.855004,-76.984512,3,15,249316109,31822,YES,NO,,,NO
2019-03-30 15:05:00,532,14th & Newton St NW,38.931991,-77.032956,0,19,249316110,31649,YES,NO,,,NO
2019-03-30 15:05:00,533,48th Pl & MacArthur Blvd NW,38.917304,-77.09629,1,18,249316111,31322,YES,NO,,,NO
2019-03-30 15:05:00,534,14th & Luzon St NW,38.969488999999996,-77.033509,5,14,249316112,31416,YES,NO,,,NO
2019-03-30 15:05:00,535,1st & M St SE,38.876892999999995,-77.006072,19,0,249316113,31650,YES,NO,,,NO
2019-03-30 15:05:00,536,Fleet St & Waterfront St,38.782633,-77.016059,0,15,249316114,32406,YES,NO,,,NO
2019-03-30 15:05:00,537,Oxon Hill Park & Ride,38.798749,-77.00103,7,7,249316115,32407,YES,NO,,,NO
2019-03-30 15:05:00,538,11th & Park Rd NW,38.93165,-77.028305,0,19,249316116,31651,YES,NO,,,NO
2019-03-30 15:05:00,539,4th & M St SE,38.876751,-77.000736,5,14,249316117,31652,YES,NO,,,NO
2019-03-30 15:05:00,540,Kansas Ave & Sherman Cr NW,38.948057,-77.021467,6,12,249316118,31417,YES,NO,,,NO
2019-03-30 15:05:00,541,Campus Commons,38.944707,-77.335425,6,3,249316119,32228,YES,NO,,,NO
2019-03-30 15:05:00,542,Park Run & Onyx Dr,38.92755,-77.226644,2,9,249316120,32229,YES,NO,,,NO
2019-03-30 15:05:00,543,7th & K St NW,38.902674,-77.02139199999999,1,18,249316121,31653,YES,NO,,,NO
2019-03-30 15:05:00,263,Norfolk Ave & Fairmont St,38.988562,-77.09653899999999,0,11,249315602,32000,YES,NO,,,NO
2019-03-30 15:05:00,264,E Montgomery Ave & Maryland Ave,39.084125,-77.151291,7,8,249315603,32007,YES,NO,,,NO
2019-03-30 15:05:00,265,Cordell & Norfolk Ave,38.98954,-77.098029,0,11,249315604,32008,YES,NO,,,NO
2019-03-30 15:05:00,267,Philadelphia & Maple Ave,38.98128,-77.011336,14,1,249315605,32010,YES,NO,,,NO
2019-03-30 15:05:00,268,Maple & Ritchie Ave,38.983627,-77.006311,17,1,249315606,32011,YES,NO,,,NO
2019-03-30 15:05:00,269,Silver Spring Metro / Colesville Rd & Wayne Ave,38.99521,-77.02918,9,9,249315607,32012,YES,NO,,,NO
2019-03-30 15:05:00,270,Montgomery & East Ln,38.983525,-77.095367,0,11,249315608,32013,YES,NO,,,NO
2019-03-30 15:05:00,271,Friendship Hts Metro / Wisconsin Ave & Wisconsin Cir,38.961763,-77.085998,9,10,249315609,32014,YES,NO,,,NO
2019-03-30 15:05:00,272,14th & Belmont St NW,38.921074,-77.031887,0,15,249315610,31119,YES,NO,,,NO
2019-03-30 15:05:00,273,3rd & Tingey St SE,38.875009999999996,-77.00240000000001,18,1,249315611,31634,YES,NO,,,NO
2019-03-30 15:05:00,274,10th & Florida Ave NW,38.920387,-77.025672,0,19,249315612,31120,YES,NO,,,NO
2019-03-30 15:05:00,275,Potomac Ave & 8th St SE,38.876737,-76.994468,9,6,249315613,31635,YES,NO,,,NO
2019-03-30 15:05:00,276,Crabbs Branch Way & Redland Rd,39.120045,-77.15698499999999,10,5,249315614,32015,YES,NO,,,NO
2019-03-30 15:05:00,277,Fallsgrove Dr & W Montgomery Ave,39.099376,-77.188014,9,6,249315615,32016,YES,NO,,,NO
2019-03-30 15:05:00,278,Monroe St & Monroe Pl,39.083673,-77.14916199999999,4,10,249315616,32017,YES,NO,,,NO
2019-03-30 15:05:00,279,Needwood Rd & Eagles Head Ct,39.123512999999996,-77.15741,5,9,249315617,32018,YES,NO,,,NO
2019-03-30 15:05:00,280,East West Hwy & Blair Mill Rd,38.990249,-77.02935,14,1,249315618,32019,YES,NO,,,NO
2019-03-30 15:05:00,281,Crabbs Branch Way & Calhoun Pl,39.107709,-77.15207199999999,6,9,249315619,32020,YES,NO,,,NO
2019-03-30 15:05:00,282,47th & Elm St,38.982456,-77.091991,0,15,249315620,32021,YES,NO,,,NO
2019-03-30 15:05:00,283,Dennis Ave & Amherst Ave,39.025386999999995,-77.044563,6,8,249315621,32022,YES,NO,,,NO
2019-03-30 15:05:00,284,Montgomery College / W Campus Dr & Mannakee St,39.095661,-77.159048,17,3,249315622,32023,YES,NO,,,NO
2019-03-30 15:05:00,285,Fenton St & Gist Ave,38.989723999999995,-77.023854,10,1,249315623,32024,YES,NO,,,NO
2019-03-30 15:05:00,286,Carroll & Westmoreland Ave,38.975,-77.01120999999999,6,7,249315624,32025,YES,NO,,,NO
2019-03-30 15:05:00,287,Carroll & Ethan Allen Ave,38.977933,-77.006472,10,5,249315625,32026,YES,NO,,,NO
2019-03-30 15:05:00,288,Battery Ln & Trolley Trail,38.992374999999996,-77.100104,2,13,249315626,32027,YES,NO,,,NO
2019-03-30 15:05:00,289,Norfolk & Rugby Ave,38.990639,-77.100239,0,11,249315627,32028,YES,NO,,,NO
2019-03-30 15:05:00,290,Offutt Ln & Chevy Chase Dr,38.977092999999996,-77.094589,1,9,249315628,32029,YES,NO,,,NO
2019-03-30 15:05:00,291,Broschart & Blackwell Rd,39.102098999999995,-77.200322,2,13,249315629,32030,YES,NO,,,NO
2019-03-30 15:05:00,292,Taft St & E Gude Dr,39.094103,-77.132954,0,14,249315630,32031,YES,NO,,,NO
2019-03-30 15:05:00,293,Fleet St & Ritchie Pkwy,39.076330999999996,-77.141378,9,5,249315631,32032,YES,NO,,,NO
2019-03-30 15:05:00,294,Piccard & W Gude Dr,39.102212,-77.17709099999999,12,7,249315632,32033,YES,NO,,,NO
2019-03-30 15:05:00,295,Ripley & Bonifant St,38.992678999999995,-77.029457,4,11,249315633,32034,YES,NO,,,NO
2019-03-30 15:05:00,296,Georgia Ave & Spring St,38.999387999999996,-77.031555,2,9,249315634,32035,YES,NO,,,NO
2019-03-30 15:05:00,297,Fenton St & Ellsworth Dr,38.997032999999995,-77.02560799999999,12,3,249315635,32036,YES,NO,,,NO
2019-03-30 15:05:00,298,King Farm Blvd & Pleasant Dr,39.114688,-77.171487,9,8,249315636,32037,YES,NO,,,NO
2019-03-30 15:05:00,299,King Farm Blvd & Piccard Dr,39.110313999999995,-77.18266899999999,3,12,249315637,32038,YES,NO,,,NO
2019-03-30 15:05:00,301,Calvert St & Woodley Pl NW,38.923583,-77.050046,0,18,249315638,31121,YES,NO,,,NO
2019-03-30 15:05:00,302,New Jersey Ave & N St NW/Dunbar HS,38.90706,-77.015231,2,17,249315639,31636,YES,NO,,,NO
2019-03-30 15:05:00,303,Nannie Helen Burroughs Ave & 49th St NE,38.898536,-76.931862,3,7,249315640,31710,YES,NO,,,NO
2019-03-30 15:05:00,304,Deanwood Rec Center,38.908473,-76.933099,3,11,249315641,31711,YES,NO,,,NO
2019-03-30 15:05:00,305,Hains Point/Buckeye & Ohio Dr SW,38.878433,-77.03023,14,0,249315642,31273,YES,NO,,,NO
2019-03-30 15:05:00,306,Arlington Blvd & Fillmore St,38.873754999999996,-77.089233,6,4,249315643,31070,YES,NO,,,NO
2019-03-30 15:05:00,307,Eads St & 12th St S,38.862753,-77.05427999999999,0,17,249315644,31071,YES,NO,,,NO
2019-03-30 15:05:00,308,Old Georgetown Rd & Southwick St,38.999634,-77.109647,0,18,249315645,32039,YES,NO,,,NO
2019-03-30 15:05:00,309,Friendship Blvd & Willard Ave,38.961149999999996,-77.08865899999999,9,9,249315646,32040,YES,NO,,,NO
2019-03-30 15:05:00,310,North Capitol St & G Pl NE,38.899702999999995,-77.008911,1,15,249315647,31637,YES,NO,,,NO
2019-03-30 15:05:00,311,31st St & S Woodrow St,38.837666,-77.09482,3,8,249315648,31072,YES,NO,,,NO
2019-03-30 15:05:00,312,Washington Blvd & Walter Reed Dr,38.873219,-77.082104,4,10,249315649,31073,YES,NO,,,NO
2019-03-30 15:05:00,313,TJ Cmty Ctr / 2nd St & S Old Glebe Rd,38.869417999999996,-77.095596,9,4,249315650,31074,YES,NO,,,NO
2019-03-30 15:05:00,314,Connecticut Ave & Tilden St NW,38.941154,-77.06203599999999,0,14,249315651,31313,YES,NO,,,NO
2019-03-30 15:05:00,315,Medical Center Dr & Key West Ave,39.103091,-77.19644199999999,0,15,249315652,32041,YES,NO,,,NO
2019-03-30 15:05:00,316,Shady Grove Hospital,39.097636,-77.196636,8,11,249315653,32042,YES,NO,,,NO
2019-03-30 15:05:00,317,Veterans Pl & Pershing Dr,38.997445,-77.023894,8,3,249315654,32043,YES,NO,,,NO
2019-03-30 15:05:00,318,Rockville Metro East,39.085394,-77.145803,12,1,249315655,32044,YES,NO,,,NO
2019-03-30 15:05:00,319,1st & H St NW,38.900358,-77.012108,3,11,249315656,31638,YES,NO,,,NO
2019-03-30 15:05:00,320,Fort Totten Metro,38.952369,-77.002721,11,7,249315657,31515,YES,NO,,,NO
2019-03-30 15:05:00,321,Takoma Metro,38.975218999999996,-77.01685499999999,6,9,249315658,31408,YES,NO,,,NO
2019-03-30 15:05:00,322,Rhode Island Ave Metro,38.920682,-76.995876,7,12,249315659,31516,YES,NO,,,NO
2019-03-30 15:05:00,323,Rolfe St & 9th St S,38.866471,-77.07613099999999,0,11,249315660,31075,YES,NO,,,NO
2019-03-30 15:05:00,324,Shirlington Transit Center / Quincy St & Randolph St,38.839912,-77.08708299999999,5,10,249315661,31076,YES,NO,,,NO
2019-03-30 15:05:00,325,Shady Grove Metro West,39.119765,-77.166093,5,14,249315662,32045,YES,NO,,,NO
2019-03-30 15:05:00,326,River Rd & Landy Ln,38.964991999999995,-77.103381,1,16,249315663,32046,YES,NO,,,NO
2019-03-30 15:05:00,327,Rockville Metro West,39.084379,-77.146866,12,7,249315664,32047,YES,NO,,,NO
2019-03-30 15:05:00,328,Bethesda Metro / Wisconsin Ave & Old Georgetown Rd,38.984691,-77.094537,1,11,249315665,32048,YES,NO,,,NO
2019-03-30 15:05:00,329,Iwo Jima Memorial / Meade & 14th St N,38.88992,-77.07130099999999,6,10,249315666,31077,YES,NO,,,NO
2019-03-30 15:05:00,330,34th & Water St NW,38.903663,-77.067668,16,0,249315667,31314,YES,NO,,,NO
2019-03-30 15:05:00,331,Duke St & John Carlyle St,38.804378,-77.06086599999999,7,7,249315668,31081,YES,NO,,,NO
2019-03-30 15:05:00,332,Lee Hwy & N Cleveland St,38.894940999999996,-77.09169,4,11,249315669,31079,YES,NO,,,NO
2019-03-30 15:05:00,333,Arlington Blvd & S George Mason Dr,38.869442,-77.104503,1,14,249315670,31078,YES,NO,,,NO
2019-03-30 15:05:00,334,10th & G St NW,38.898243,-77.026235,15,6,249315671,31274,YES,NO,,,NO
2019-03-30 15:05:00,335,Lee Hwy & N Scott St,38.897611999999995,-77.080851,0,15,249315672,31080,YES,NO,,,NO
2019-03-30 15:05:00,336,New Hampshire Ave & 24th St NW,38.901755,-77.051084,1,15,249315673,31275,YES,NO,,,NO
2019-03-30 15:05:00,337,Eisenhower Ave & Mill Race Ln,38.801111,-77.068952,7,8,249315674,31082,YES,NO,,,NO
2019-03-30 15:05:00,338,Potomac Greens Dr & Slaters Ln,38.82175,-77.047494,6,4,249315675,31083,YES,NO,,,NO
2019-03-30 15:05:00,339,Ballenger Ave & Dulaney St,38.802676999999996,-77.06356199999999,5,13,249315676,31084,YES,NO,,,NO
2019-03-30 15:05:00,340,Mount Vernon Ave & E Nelson Ave,38.820063999999995,-77.057619,1,10,249315677,31085,YES,NO,,,NO
2019-03-30 15:05:00,341,Mount Vernon Ave & E Del Ray Ave,38.82595,-77.05854099999999,8,5,249315678,31086,YES,NO,,,NO
2019-03-30 15:05:00,342,Monroe Ave & Leslie Ave,38.820932,-77.053096,2,13,249315679,31087,YES,NO,,,NO
2019-03-30 15:05:00,343,Mount Vernon Ave & Kennedy St,38.833076999999996,-77.059821,9,4,249315680,31088,YES,NO,,,NO
2019-03-30 15:05:00,344,Court House Metro / 15th St & N Uhle St,38.890612,-77.084801,5,14,249315681,31089,YES,NO,,,NO
2019-03-30 15:05:00,345,WAU / Flower Ave & Division St,38.986743,-77.000035,9,6,249315682,32049,YES,NO,,,NO
2019-03-30 15:05:00,346,Long Bridge Park / Long Bridge Dr & 6th St S,38.865553,-77.05002999999999,0,14,249315683,31090,YES,NO,,,NO
2019-03-30 15:05:00,347,Connecticut Ave & McKinley St NW,38.964544,-77.075135,9,9,249315684,31315,YES,NO,,,NO
2019-03-30 15:05:00,348,15th & L St NW,38.903659999999995,-77.034846,1,21,249315685,31276,YES,NO,,,NO
2019-03-30 15:05:00,349,17th & G St NW,38.89841,-77.039624,13,16,249315686,31277,YES,NO,,,NO
2019-03-30 15:05:00,350,Spring St & 2nd Ave,38.997653,-77.034499,8,6,249315687,32050,YES,NO,,,NO
2019-03-30 15:05:00,351,18th & R St NW,38.912648,-77.041834,0,19,249315688,31278,YES,NO,,,NO
2019-03-30 15:05:00,352,Joyce St & 16th St S,38.859254,-77.06327499999999,4,9,249315689,31091,YES,NO,,,NO
2019-03-30 15:05:00,353,Union Market,38.907908,-76.99707,15,7,249315690,31517,YES,NO,,,NO
2019-03-30 15:05:00,354,Lee Hwy & N Monroe St,38.896456,-77.104562,6,9,249315691,31092,YES,NO,,,NO
2019-03-30 15:05:00,355,21st St & N Pierce St,38.898984,-77.078317,1,13,249315692,31093,YES,NO,,,NO
2019-03-30 15:05:00,356,Lee Hwy & N Kirkwood Rd,38.895376999999996,-77.09712999999999,10,5,249315693,31094,YES,NO,,,NO
2019-03-30 15:05:00,357,19th & G St NW,38.898412,-77.043182,1,20,249315694,31279,YES,NO,,,NO
2019-03-30 15:05:00,358,2nd St & Seaton Pl NE,38.914750999999995,-77.00356,3,15,249315695,31522,YES,NO,,,NO
2019-03-30 15:05:00,359,Wilson Blvd & N Illinois St,38.876528,-77.12711999999999,6,8,249315696,31902,YES,NO,,,NO
2019-03-30 15:05:00,364,Army Navy Dr & S Nash St,38.86215,-77.06812099999999,5,6,249315697,31095,YES,NO,,,NO
2019-03-30 15:05:00,365,31st & Water St NW,38.902814,-77.061043,14,1,249315698,31293,YES,NO,,,NO
2019-03-30 15:05:00,367,11th & S St NW,38.913761,-77.027025,2,21,249315699,31280,YES,NO,,,NO
2019-03-30 15:05:00,368,Walter Reed Dr & 8th St S,38.866119999999995,-77.08787,4,11,249315700,31096,YES,NO,,,NO
2019-03-30 15:05:00,369,2nd & G St NE,38.89967,-77.003666,5,18,249315701,31639,YES,NO,,,NO
2019-03-30 15:05:00,370,8th & O St NW,38.90864,-77.02277,4,12,249315702,31281,YES,NO,,,NO
2019-03-30 15:05:00,371,Georgia & Missouri Ave NW,38.961338999999995,-77.027855,12,6,249315703,31411,YES,NO,,,NO
2019-03-30 15:05:00,373,Oklahoma Ave & D St NE,38.894473999999995,-76.974828,0,19,249315704,31712,YES,NO,,,NO
2019-03-30 15:05:00,374,Maryland Ave & E St NE,38.896133999999996,-76.9929,2,16,249315705,31640,YES,NO,,,NO
2019-03-30 15:05:00,375,New York Ave & Hecht Ave NE,38.915603999999995,-76.983683,19,2,249315706,31518,YES,NO,,,NO
2019-03-30 15:05:00,376,Yuma St & Tenley Circle NW,38.946182,-77.08059,4,15,249315707,31316,YES,NO,,,NO
2019-03-30 15:05:00,377,Connecticut Ave & Chevy Chase Lake Dr,38.994113,-77.07698599999999,7,6,249315708,32051,YES,NO,,,NO
2019-03-30 15:05:00,378,Key West Ave & Siesta Key Way,39.105295,-77.194774,10,5,249315709,32052,YES,NO,,,NO
2019-03-30 15:05:00,379,Lee Hwy & N Woodstock St,38.898301,-77.118009,12,7,249315710,31900,YES,NO,,,NO
2019-03-30 15:05:00,380,Saint Asaph St & Madison St,38.812718,-77.044097,5,10,249315711,31097,YES,NO,,,NO
2019-03-30 15:05:00,381,King St Metro North / Cameron St,38.80704,-77.059817,10,4,249315712,31098,YES,NO,,,NO
2019-03-30 15:05:00,382,Madison St & N Henry St,38.813485,-77.04946799999999,12,2,249315713,31099,YES,NO,,,NO
2019-03-30 15:05:00,383,Medical Center Metro,38.999378,-77.097882,3,16,249315714,32053,YES,NO,,,NO
2019-03-30 15:05:00,384,Washington Blvd & N Frederick St,38.884828999999996,-77.12767099999999,3,8,249315715,31901,YES,NO,,,NO
2019-03-30 15:05:00,385,Wisconsin Ave & Ingomar St NW,38.958267,-77.084636,11,8,249315716,31317,YES,NO,,,NO
2019-03-30 15:05:00,386,16th & Irving St NW,38.928892999999995,-77.03625,0,17,249315717,31122,YES,NO,,,NO
2019-03-30 15:05:00,387,16th & R St NW,38.912652,-77.036278,2,17,249315718,31282,YES,NO,,,NO
2019-03-30 15:05:00,388,Lyttonsville Rd & Lyttonsville Pl,38.999679,-77.05116799999999,7,7,249315719,32054,YES,NO,,,NO
2019-03-30 15:05:00,389,Woodmont Ave & Strathmore St,38.979875,-77.093522,1,10,249315720,32055,YES,NO,,,NO
2019-03-30 15:05:00,390,14th & L St NW,38.903658,-77.03173699999999,2,15,249315721,31283,YES,NO,,,NO
2019-03-30 15:05:00,391,1st & O St NW,38.908643,-77.012365,1,14,249315722,31519,YES,NO,,,NO
2019-03-30 15:05:00,392,South Capitol & Atlantic St SW,38.831516,-77.008133,2,17,249315723,31811,YES,NO,,,NO
2019-03-30 15:05:00,393,18th & C St NW,38.893511,-77.041544,12,1,249315724,31284,YES,NO,,,NO
2019-03-30 15:05:00,394,22nd & P ST NW,38.909394,-77.048728,1,17,249315725,31285,YES,NO,,,NO
2019-03-30 15:05:00,395,East West Hwy & 16th St,38.995681,-77.038721,3,16,249315726,32056,YES,NO,,,NO
2019-03-30 15:05:00,396,Royal St & Wilkes St,38.799267,-77.0447,15,0,249315727,31903,YES,NO,,,NO
2019-03-30 15:05:00,397,14th & Girard St NW,38.925284,-77.032375,0,22,249315728,31123,YES,NO,,,NO
2019-03-30 15:05:00,398,Potomac Ave & Main Line Blvd,38.822738,-77.04926499999999,4,14,249315729,31910,YES,NO,,,NO
2019-03-30 15:05:00,399,11th & O St NW,38.908429999999996,-77.02714,4,13,249315730,31286,YES,NO,,,NO
2019-03-30 15:05:00,400,10th St & L'Enfant Plaza SW,38.884322999999995,-77.02601,19,4,249315731,31287,YES,NO,,,NO
2019-03-30 15:05:00,401,Connecticut Ave & Yuma St NW,38.947156,-77.06511499999999,11,8,249315732,31318,YES,NO,,,NO
2019-03-30 15:05:00,402,2nd St & Massachusetts Ave NE,38.894971999999996,-77.003135,10,12,249315733,31641,YES,NO,,,NO
2019-03-30 15:05:00,403,Radford St & Osage St,38.828437,-77.08603099999999,13,8,249315734,31908,YES,NO,,,NO
2019-03-30 15:05:00,404,East Falls Church Metro / Sycamore St & 19th St N,38.884859,-77.155988,1,16,249315735,31904,YES,NO,,,NO
2019-03-30 15:05:00,405,Kennebec St & 11th St N,38.880992,-77.135271,5,10,249315736,31905,YES,NO,,,NO
2019-03-30 15:05:00,406,Commonwealth Ave & Oak St,38.812711,-77.06171499999999,8,10,249315737,31906,YES,NO,,,NO
2019-03-30 15:05:00,407,Commonwealth Ave & E Monroe Ave,38.820057999999996,-77.062821,9,6,249315738,31913,YES,NO,,,NO
2019-03-30 15:05:00,408,4th St & Madison Dr NW,38.890493,-77.017253,28,2,249315739,31288,YES,NO,,,NO
2019-03-30 15:05:00,409,Henry Bacon Dr & Lincoln Memorial Circle NW,38.890544,-77.049379,15,2,249315740,31289,YES,NO,,,NO
2019-03-30 15:05:00,410,17th St & Independence Ave SW,38.888096999999995,-77.038325,11,1,249315741,31290,YES,NO,,,NO
2019-03-30 15:05:00,411,Franklin St & S Washington St,38.798133,-77.0487,10,9,249315742,31907,YES,NO,,,NO
2019-03-30 15:05:00,412,Mount Vernon Ave & Four Mile Run Park,38.843422,-77.064016,12,3,249315743,31909,YES,NO,,,NO
2019-03-30 15:05:00,413,New Jersey Ave & L St NW,38.903597999999995,-77.01397,10,12,249315744,31642,YES,NO,,,NO
2019-03-30 15:05:00,414,Mount Vernon Ave & Bruce St,38.841291,-77.063093,2,11,249315745,31912,YES,NO,,,NO
2019-03-30 15:05:00,415,Lee Center,38.797557,-77.053766,3,10,249315746,31914,YES,NO,,,NO
2019-03-30 15:05:00,416,Powhatan St & Bashford Ln,38.818748,-77.047783,1,14,249315747,31915,YES,NO,,,NO
2019-03-30 15:05:00,417,Potomac Ave & Swann Ave,38.829544999999996,-77.047844,1,18,249315748,31916,YES,NO,,,NO
2019-03-30 15:05:00,418,14th & Irving St NW,38.928551999999996,-77.032224,8,19,249315749,31124,YES,NO,,,NO
2019-03-30 15:05:00,419,Vermont Ave & I St NW,38.901136,-77.03445099999999,4,19,249315750,31291,YES,NO,,,NO
2019-03-30 15:05:00,420,Wisconsin Ave & Brandywine St NW,38.949813,-77.08021699999999,8,16,249315751,31319,YES,NO,,,NO
2019-03-30 15:05:00,421,24th & R St NE / National Arboretum,38.91263,-76.97192299999999,15,2,249315752,31520,YES,NO,,,NO
2019-03-30 15:05:00,422,Division Ave & Foote St NE,38.897407,-76.925907,4,9,249315753,31713,YES,NO,,,NO
2019-03-30 15:05:00,423,16th & Q St SE / Anacostia HS,38.870695,-76.982359,14,9,249315754,31812,YES,NO,,,NO
2019-03-30 15:05:00,424,Spring Hill Metro,38.929261,-77.24065399999999,10,5,249315755,32200,YES,NO,,,NO
2019-03-30 15:05:00,425,Westpark Dr & Leesburg Pike,38.924029999999995,-77.23595499999999,4,7,249315756,32201,YES,NO,,,NO
2019-03-30 15:05:00,427,Tysons One Pl & Chain Bridge Rd,38.919475,-77.22117899999999,6,5,249315757,32203,YES,NO,,,NO
2019-03-30 15:05:00,428,Tysons Corner Station,38.920939,-77.222115,8,3,249315758,32204,YES,NO,,,NO
2019-03-30 15:05:00,429,Westpark & Jones Branch Dr,38.924437,-77.217664,10,1,249315759,32205,YES,NO,,,NO
2019-03-30 15:05:00,430,Jones Branch & Westbranch Dr,38.931911,-77.219261,6,6,249315760,32206,YES,NO,,,NO
2019-03-30 15:05:00,431,Westpark & Park Run Dr,38.928919,-77.225394,9,1,249315761,32207,YES,NO,,,NO
2019-03-30 15:05:00,432,Tysons West Transit Center,38.932635999999995,-77.231825,10,1,249315762,32208,YES,NO,,,NO
2019-03-30 15:05:00,433,North Shore & Cameron Crescent Dr/Crescent Apartments,38.970045999999996,-77.338686,7,3,249315763,32209,YES,NO,,,NO
2019-03-30 15:05:00,434,Town Center Pkwy & Bowman Towne Dr,38.962523999999995,-77.361902,6,9,249315764,32210,YES,NO,,,NO
2019-03-30 15:05:00,435,Reston Regional Library,38.962095,-77.35881499999999,6,9,249315765,32211,YES,NO,,,NO
2019-03-30 15:05:00,436,New Dominion Pkwy & Fountain Dr,38.960574,-77.356324,3,12,249315766,32212,YES,NO,,,NO
2019-03-30 15:05:00,437,Sunset Hills & Old Reston Ave,38.955079,-77.351649,12,3,249315767,32213,YES,NO,,,NO
2019-03-30 15:05:00,91,13th St & New York Ave NW,38.900283,-77.029822,0,22,249315768,31227,YES,NO,,,NO
2019-03-30 15:05:00,106,17th & K St NW / Farragut Square,38.902060999999996,-77.038322,8,24,249315769,31233,YES,NO,,,NO
2019-03-30 15:05:00,1,Eads St & 15th St S,38.858971,-77.05323,0,15,249315770,31000,YES,NO,,,NO
2019-03-30 15:05:00,2,18th St & S Eads St,38.85725,-77.05332,0,9,249315771,31001,YES,NO,,,NO
2019-03-30 15:05:00,3,Crystal Dr & 20th St S,38.856425,-77.049232,2,13,249315772,31002,YES,NO,,,NO
2019-03-30 15:05:00,4,Crystal Dr & 15th St S,38.86017,-77.049593,0,8,249315773,31003,YES,NO,,,NO
2019-03-30 15:05:00,5,Aurora Hills Cmty Ctr / 18th St & S Hayes St,38.857866,-77.05949,0,11,249315774,31004,YES,NO,,,NO
2019-03-30 15:05:00,6,Pentagon City Metro / 12th St & S Hayes St,38.862303,-77.059936,2,14,249315775,31005,YES,NO,,,NO
2019-03-30 15:05:00,7,Army Navy Dr & S Joyce St,38.8637,-77.0633,6,9,249315776,31006,YES,NO,,,NO
2019-03-30 15:05:00,8,Crystal City Metro / 18th St & S Bell St,38.857405,-77.051132,0,18,249315777,31007,YES,NO,,,NO
2019-03-30 15:05:00,10,Crystal Dr & 27th St S,38.848465999999995,-77.051514,0,11,249315778,31009,YES,NO,,,NO
2019-03-30 15:05:00,11,S Glebe Rd & Potomac Ave,38.842600000000004,-77.0502,1,10,249315779,31010,YES,NO,,,NO
2019-03-30 15:05:00,12,Crystal Dr & 23rd St S,38.853300000000004,-77.0498,1,14,249315780,31011,YES,NO,,,NO
2019-03-30 15:05:00,13,Clark St & 26th St S,38.850688,-77.05152,0,10,249315781,31012,YES,NO,,,NO
2019-03-30 15:05:00,14,19th St & Pennsylvania Ave NW,38.9003,-77.0429,1,11,249315782,31100,YES,NO,,,NO
2019-03-30 15:05:00,15,14th & V St NW,38.9176,-77.0321,2,24,249315783,31101,YES,NO,,,NO
2019-03-30 15:05:00,16,11th & Kenyon St NW,38.929463999999996,-77.027822,0,27,249315784,31102,YES,NO,,,NO
2019-03-30 15:05:00,17,16th & Harvard St NW,38.926088,-77.036536,0,32,249315785,31103,YES,NO,,,NO
2019-03-30 15:05:00,18,Adams Mill & Columbia Rd NW,38.922925,-77.042581,1,14,249315786,31104,YES,NO,,,NO
2019-03-30 15:05:00,19,14th & Harvard St NW,38.9268,-77.0322,1,18,249315787,31105,YES,NO,,,NO
2019-03-30 15:05:00,20,Calvert & Biltmore St NW,38.923203,-77.047637,1,19,249315788,31106,YES,NO,,,NO
2019-03-30 15:05:00,21,Lamont & Mt Pleasant NW,38.9319,-77.03880000000001,0,19,249315789,31107,YES,NO,,,NO
2019-03-30 15:05:00,22,4th & M St SW,38.8767,-77.01780000000001,4,17,249315790,31108,YES,NO,,,NO
2019-03-30 15:05:00,23,15th & P St NW,38.90985,-77.034438,2,16,249315791,31201,YES,NO,,,NO
2019-03-30 15:05:00,24,14th & R St NW,38.912939,-77.032085,6,11,249315792,31202,YES,NO,,,NO
2019-03-30 15:05:00,25,14th & Rhode Island Ave NW,38.9086,-77.0323,0,23,249315793,31203,YES,NO,,,NO
2019-03-30 15:05:00,26,20th & E St NW,38.896300000000004,-77.045,1,11,249315794,31204,YES,NO,,,NO
2019-03-30 15:05:00,27,21st & I St NW,38.900800000000004,-77.047,19,15,249315795,31205,YES,NO,,,NO
2019-03-30 15:05:00,28,Georgia & New Hampshire Ave NW,38.936043,-77.024649,1,12,249315796,31400,YES,NO,,,NO
2019-03-30 15:05:00,29,14th St & Spring Rd NW,38.9375,-77.03280000000001,0,19,249315797,31401,YES,NO,,,NO
2019-03-30 15:05:00,30,John McCormack Dr & Michigan Ave NE,38.9346,-76.9955,5,6,249315798,31502,YES,NO,,,NO
2019-03-30 15:05:00,31,5th & K St NW,38.90304,-77.019027,0,18,249315799,31600,YES,NO,,,NO
2019-03-30 15:05:00,32,19th & East Capitol St SE,38.8896,-76.9769,2,11,249315800,31601,YES,NO,,,NO
2019-03-30 15:05:00,33,Park Rd & Holmead Pl NW,38.930800000000005,-77.03150000000001,1,16,249315801,31602,YES,NO,,,NO
2019-03-30 15:05:00,34,Good Hope & Naylor Rd SE,38.860226999999995,-76.966572,3,8,249315802,31700,YES,NO,,,NO
2019-03-30 15:05:00,35,Connecticut Ave & Newark St NW / Cleveland Park,38.934267,-77.057979,0,10,249315803,31305,YES,NO,,,NO
2019-03-30 15:05:00,36,Randle Circle & Minnesota Ave SE,38.878,-76.9607,3,8,249315804,31702,YES,NO,,,NO
2019-03-30 15:05:00,37,Minnesota Ave Metro/DOES,38.897062999999996,-76.947446,4,11,249315805,31703,YES,NO,,,NO
2019-03-30 15:05:00,38,Nannie Helen Burroughs & Minnesota Ave NE,38.901385,-76.94187699999999,8,3,249315806,31704,YES,NO,,,NO
2019-03-30 15:05:00,39,Anacostia Metro,38.862669,-76.994637,7,4,249315807,31801,YES,NO,,,NO
2019-03-30 15:05:00,40,Good Hope Rd & MLK Ave SE,38.867373,-76.988039,7,3,249315808,31802,YES,NO,,,NO
2019-03-30 15:05:00,41,19th & E Street NW,38.8952,-77.0436,4,7,249315809,31206,YES,NO,,,NO
2019-03-30 15:05:00,42,4th & W St NE,38.919077,-77.000648,1,12,249315810,31500,YES,NO,,,NO
2019-03-30 15:05:00,43,10th & U St NW,38.9172,-77.02590000000001,2,11,249315811,31111,YES,NO,,,NO
2019-03-30 15:05:00,44,Georgia Ave and Fairmont St NW,38.9249,-77.0222,0,8,249315812,31207,YES,NO,,,NO
2019-03-30 15:05:00,45,1st & N St  SE,38.874300000000005,-77.0057,27,11,249315813,31209,YES,NO,,,NO
2019-03-30 15:05:00,46,20th St & Florida Ave NW,38.915400000000005,-77.0446,1,10,249315814,31110,YES,NO,,,NO
2019-03-30 15:05:00,47,7th & T St NW,38.9155,-77.0222,13,0,249315815,31109,YES,NO,,,NO
2019-03-30 15:05:00,48,Eads St & 22nd St S,38.854381,-77.053412,4,11,249315816,31013,YES,NO,,,NO
2019-03-30 15:05:00,49,M St & New Jersey Ave SE,38.8763,-77.00370000000001,8,7,249315817,31208,YES,NO,,,NO
2019-03-30 15:05:00,51,Massachusetts Ave & Dupont Circle NW,38.9101,-77.04440000000001,6,34,249315818,31200,YES,NO,,,NO
2019-03-30 15:05:00,52,1st & M St NE,38.9057,-77.0056,0,15,249315819,31603,YES,NO,,,NO
2019-03-30 15:05:00,53,21st & M St NW,38.905339999999995,-77.046774,0,17,249315820,31212,YES,NO,,,NO
2019-03-30 15:05:00,54,17th & K St NW,38.90276,-77.03863,1,18,249315821,31213,YES,NO,,,NO
2019-03-30 15:05:00,55,3rd & H St NW,38.899408,-77.015289,0,15,249315822,31604,YES,NO,,,NO
2019-03-30 15:05:00,56,3rd & D St SE,38.8851,-77.0023,2,8,249315823,31605,YES,NO,,,NO
2019-03-30 15:05:00,57,Potomac & Pennsylvania Ave SE,38.880300000000005,-76.9862,2,11,249315824,31606,YES,NO,,,NO
2019-03-30 15:05:00,58,13th & E St SE,38.882915,-76.98790699999999,0,15,249315825,31607,YES,NO,,,NO
2019-03-30 15:05:00,59,17th & Corcoran St NW,38.9121,-77.0387,1,15,249315826,31214,YES,NO,,,NO
2019-03-30 15:05:00,60,Van Ness Metro / UDC,38.944551,-77.063896,1,14,249315827,31300,YES,NO,,,NO
2019-03-30 15:05:00,61,Florida Ave & R St NW,38.912600000000005,-77.01350000000001,0,13,249315828,31503,YES,NO,,,NO
2019-03-30 15:05:00,62,8th & Eye St SE / Barracks Row,38.879200000000004,-76.9953,4,5,249315829,31608,YES,NO,,,NO
2019-03-30 15:05:00,63,Ward Circle / American University,38.938736,-77.087171,2,13,249315830,31301,YES,NO,,,NO
2019-03-30 15:05:00,64,Wisconsin Ave & Newark St NW,38.934881,-77.072755,0,16,249315831,31302,YES,NO,,,NO
2019-03-30 15:05:00,65,14th St Heights / 14th & Crittenden St NW,38.947773999999995,-77.03281799999999,2,9,249315832,31402,YES,NO,,,NO
2019-03-30 15:05:00,66,Anacostia Library,38.865784,-76.97840000000001,7,4,249315833,31804,YES,NO,,,NO
2019-03-30 15:05:00,67,Pennsylvania & Minnesota Ave SE,38.873056999999996,-76.971015,9,0,249315834,31805,YES,NO,,,NO
2019-03-30 15:05:00,68,Eastern Market / 7th & North Carolina Ave SE,38.886952,-76.99680599999999,2,11,249315835,31610,YES,NO,,,NO
2019-03-30 15:05:00,69,14th St & New York Ave NW,38.899632,-77.031686,17,4,249315836,31216,YES,NO,,,NO
2019-03-30 15:05:00,70,Benning Branch Library,38.894,-76.947974,6,5,249315837,31705,YES,NO,,,NO
2019-03-30 15:05:00,71,USDA / 12th & C St SW,38.886277,-77.02824199999999,37,0,249315838,31217,YES,NO,,,NO
2019-03-30 15:05:00,72,Georgetown Harbor / 30th St NW,38.902221,-77.059219,17,0,249315839,31215,YES,NO,,,NO
2019-03-30 15:05:00,73,12th & Newton St NE,38.933668,-76.991016,0,11,249315840,31501,YES,NO,,,NO
2019-03-30 15:05:00,74,US Dept of State / Virginia Ave & 21st St NW,38.894919,-77.046587,2,12,249315841,31220,YES,NO,,,NO
2019-03-30 15:05:00,75,L'Enfant Plaza / 7th & C St SW,38.886266,-77.022241,10,1,249315842,31218,YES,NO,,,NO
2019-03-30 15:05:00,76,10th St & Constitution Ave NW,38.893028,-77.02601299999999,29,1,249315843,31219,YES,NO,,,NO
2019-03-30 15:05:00,77,Kennedy Center,38.897293,-77.05557,16,0,249315844,31211,YES,NO,,,NO
2019-03-30 15:05:00,78,Eastern Market Metro / Pennsylvania Ave & 7th St SE,38.884,-76.995397,5,14,249315845,31613,YES,NO,,,NO
2019-03-30 15:05:00,79,18th & M St NW,38.905066999999995,-77.04177899999999,8,16,249315846,31221,YES,NO,,,NO
2019-03-30 15:05:00,80,Tenleytown / Wisconsin Ave & Albemarle St NW,38.947607,-77.079382,0,13,249315847,31303,YES,NO,,,NO
2019-03-30 15:05:00,81,13th & H St NE,38.900022,-76.988422,12,11,249315848,31611,YES,NO,,,NO
2019-03-30 15:05:00,82,5th & F St NW,38.897222,-77.019347,0,28,249315849,31620,YES,NO,,,NO
2019-03-30 15:05:00,83,New York Ave & 15th St NW,38.899032,-77.033354,18,0,249315850,31222,YES,NO,,,NO
2019-03-30 15:05:00,84,Convention Center / 7th & M St NW,38.905736999999995,-77.02226999999999,12,9,249315851,31223,YES,NO,,,NO
2019-03-30 15:05:00,85,Harvard St & Adams Mill Rd NW,38.927872,-77.043358,4,10,249315852,31112,YES,NO,,,NO
2019-03-30 15:05:00,86,19th & L St NW,38.903407,-77.04364799999999,0,12,249315853,31224,YES,NO,,,NO
2019-03-30 15:05:00,87,C & O Canal & Wisconsin Ave NW,38.903749999999995,-77.06269,21,2,249315854,31225,YES,NO,,,NO
2019-03-30 15:05:00,88,Maine Ave & 7th St SW,38.878693999999996,-77.023054,14,3,249315855,31609,YES,NO,,,NO
2019-03-30 15:05:00,89,D St & Maryland Ave NE,38.894757999999996,-76.997114,0,21,249315856,31612,YES,NO,,,NO
2019-03-30 15:05:00,90,34th St & Wisconsin Ave NW,38.916441999999996,-77.0682,0,8,249315857,31226,YES,NO,,,NO
2019-03-30 15:05:00,92,8th & H St NW,38.8997,-77.02308599999999,18,12,249315858,31228,YES,NO,,,NO
2019-03-30 15:05:00,93,10th & Monroe St NE,38.932514,-76.99288899999999,0,11,249315859,31504,YES,NO,,,NO
2019-03-30 15:05:00,94,Eckington Pl & Q St NE,38.910972,-77.00495,6,16,249315860,31505,YES,NO,,,NO
2019-03-30 15:05:00,95,6th & H St NE,38.899972,-76.998347,1,22,249315861,31615,YES,NO,,,NO
2019-03-30 15:05:00,96,3rd & H St NE,38.900411999999996,-77.001949,2,17,249315862,31616,YES,NO,,,NO
2019-03-30 15:05:00,97,Bladensburg Rd & Benning Rd NE,38.900413,-76.982872,7,7,249315863,31617,YES,NO,,,NO
2019-03-30 15:05:00,98,4th & East Capitol St NE,38.889955,-77.000349,2,8,249315864,31618,YES,NO,,,NO
2019-03-30 15:05:00,99,Lincoln Park / 13th & East Capitol St NE,38.890460999999995,-76.988355,9,13,249315865,31619,YES,NO,,,NO
2019-03-30 15:05:00,100,Branch & Pennsylvania Ave SE,38.8692,-76.9599,3,8,249315866,31701,YES,NO,,,NO
2019-03-30 15:05:00,101,13th & D St NE,38.894832,-76.987633,4,27,249315867,31622,YES,NO,,,NO
2019-03-30 15:05:00,102,New Hampshire Ave & T St NW,38.91554,-77.03818,4,16,249315868,31229,YES,NO,,,NO
2019-03-30 15:05:00,103,Metro Center / 12th & G St NW,38.898364,-77.027869,20,17,249315869,31230,YES,NO,,,NO
2019-03-30 15:05:00,104,14th & D St NW / Ronald Reagan Building,38.894514,-77.031617,22,1,249315870,31231,YES,NO,,,NO
2019-03-30 15:05:00,105,7th & F St NW / National Portrait Gallery,38.897312,-77.022325,13,13,249315871,31232,YES,NO,,,NO
2019-03-30 15:05:00,107,20th & O St NW / Dupont South,38.908905,-77.04478,10,7,249315872,31234,YES,NO,,,NO
2019-03-30 15:05:00,108,4th & D St NW / Judiciary Square,38.895344,-77.016106,1,12,249315873,31621,YES,NO,,,NO
2019-03-30 15:05:00,109,19th St & Constitution Ave NW,38.8923,-77.0436,29,2,249315874,31235,YES,NO,,,NO
2019-03-30 15:05:00,110,37th & O St NW / Georgetown University,38.90774,-77.071652,0,23,249315875,31236,YES,NO,,,NO
2019-03-30 15:05:00,111,11th & H St NE,38.899983,-76.991383,9,9,249315876,31614,YES,NO,,,NO
2019-03-30 15:05:00,112,25th St & Pennsylvania Ave NW,38.903827,-77.053485,7,7,249315877,31237,YES,NO,,,NO
2019-03-30 15:05:00,113,Columbus Circle / Union Station,38.89696,-77.00493,27,22,249315878,31623,YES,NO,,,NO
2019-03-30 15:05:00,114,North Capitol St & F St NW,38.897445999999995,-77.00988799999999,3,18,249315879,31624,YES,NO,,,NO
2019-03-30 15:05:00,115,11th & M St NW,38.905606999999996,-77.027137,0,19,249315880,31266,YES,NO,,,NO
2019-03-30 15:05:00,116,36th & Calvert St NW / Glover Park,38.922581,-77.070334,1,14,249315881,31304,YES,NO,,,NO
2019-03-30 15:05:00,117,14th & G St NW,38.898409,-77.03227799999999,23,0,249315882,31238,YES,NO,,,NO
2019-03-30 15:05:00,118,Potomac Ave & 35th St S,38.844015,-77.05053699999999,6,15,249315883,31052,YES,NO,,,NO
2019-03-30 15:05:00,124,Ohio Dr & West Basin Dr SW / MLK & FDR Memorials,38.884119999999996,-77.04657,20,0,249315884,31240,YES,NO,,,NO
2019-03-30 15:05:00,125,11th & F St NW,38.897856999999995,-77.026975,5,10,249315885,31262,YES,NO,,,NO
2019-03-30 15:05:00,126,23rd & E St NW,38.896104,-77.049882,2,17,249315886,31260,YES,NO,,,NO
2019-03-30 15:05:00,127,Lynn St & 19th St North,38.897315,-77.070993,1,26,249315887,31014,YES,NO,,,NO
2019-03-30 15:05:00,128,Rosslyn Metro / Wilson Blvd & Ft Myer Dr,38.894600000000004,-77.072305,0,17,249315888,31015,YES,NO,,,NO
2019-03-30 15:05:00,129,Clarendon Blvd & Pierce St,38.893437999999996,-77.07638899999999,0,13,249315889,31016,YES,NO,,,NO
2019-03-30 15:05:00,130,Wilson Blvd & N Uhle St,38.891695999999996,-77.08460000000001,2,13,249315890,31017,YES,NO,,,NO
2019-03-30 15:05:00,131,Rhodes St & 16th St N,38.892164,-77.079375,0,11,249315891,31018,YES,NO,,,NO
2019-03-30 15:05:00,132,Fairfax Village,38.86559,-76.952103,3,11,249315892,31706,YES,NO,,,NO
2019-03-30 15:05:00,133,21st St & Constitution Ave NW,38.892458999999995,-77.046567,9,6,249315893,31261,YES,NO,,,NO
2019-03-30 15:05:00,134,Wilson Blvd & N Edgewood St,38.889,-77.0925,2,13,249315894,31019,YES,NO,,,NO
2019-03-30 15:05:00,135,Columbia Rd & Belmont St NW,38.920669,-77.04368,0,17,249315895,31113,YES,NO,,,NO
2019-03-30 15:05:00,136,Rhode Island & Connecticut Ave NW,38.905995999999995,-77.039802,16,6,249315896,31239,YES,NO,,,NO
2019-03-30 15:05:00,137,Thomas Circle,38.9059,-77.0325,0,31,249315897,31241,YES,NO,,,NO
2019-03-30 15:05:00,138,Wilson Blvd & N Franklin Rd,38.8904,-77.08890000000001,1,8,249315898,31020,YES,NO,,,NO
2019-03-30 15:05:00,139,Clarendon Blvd & N Fillmore St,38.8881,-77.09308,2,13,249315899,31021,YES,NO,,,NO
2019-03-30 15:05:00,140,Clarendon Metro / Wilson Blvd & N Highland St,38.887859999999996,-77.094875,4,12,249315900,31022,YES,NO,,,NO
2019-03-30 15:05:00,141,18th St & Pennsylvania Ave NW,38.89968,-77.041539,10,16,249315901,31242,YES,NO,,,NO
2019-03-30 15:05:00,142,4th & C St SW,38.886372,-77.017701,9,29,249315902,31243,YES,NO,,,NO
2019-03-30 15:05:00,143,4th & E St SW,38.884119999999996,-77.017445,5,13,249315903,31244,YES,NO,,,NO
2019-03-30 15:05:00,144,3rd & G St SE,38.881184999999995,-77.001828,8,10,249315904,31625,YES,NO,,,NO
2019-03-30 15:05:00,145,7th & R St NW / Shaw Library,38.912718999999996,-77.022155,1,11,249315905,31245,YES,NO,,,NO
2019-03-30 15:05:00,146,9th & Upshur St NW,38.9418,-77.02510000000001,4,11,249315906,31404,YES,NO,,,NO
2019-03-30 15:05:00,147,1st & Rhode Island Ave NW,38.915417,-77.012289,0,12,249315907,31506,YES,NO,,,NO
2019-03-30 15:05:00,148,Columbia Rd & Georgia Ave NW,38.928121,-77.02379499999999,0,17,249315908,31115,YES,NO,,,NO
2019-03-30 15:05:00,149,California St & Florida Ave NW,38.917761,-77.04061999999999,2,17,249315909,31116,YES,NO,,,NO
2019-03-30 15:05:00,150,Benning Rd & East Capitol St NE / Benning Rd Metro,38.889935,-76.93723,5,13,249315910,31707,YES,NO,,,NO
2019-03-30 15:05:00,151,3000 Connecticut Ave NW / National Zoo,38.930282,-77.055599,1,13,249315911,31307,YES,NO,,,NO
2019-03-30 15:05:00,152,Anacostia Ave & Benning Rd NE / River Terrace,38.896544,-76.96012,5,9,249315912,31708,YES,NO,,,NO
2019-03-30 15:05:00,153,M St & Pennsylvania Ave NW,38.905125999999996,-77.056887,16,1,249315913,31246,YES,NO,,,NO
2019-03-30 15:05:00,154,15th St & Massachusetts Ave SE,38.887319999999995,-76.983569,2,12,249315914,31626,YES,NO,,,NO
2019-03-30 15:05:00,155,Congress Heights Metro,38.844711,-76.98782299999999,5,10,249315915,31806,YES,NO,,,NO
2019-03-30 15:05:00,156,N Quincy St & Glebe Rd,38.876393,-77.10773499999999,0,11,249315916,31035,YES,NO,,,NO
2019-03-30 15:05:00,157,Barcroft Community Center,38.850336999999996,-77.100989,8,3,249315917,31033,YES,NO,,,NO
2019-03-30 15:05:00,158,N Veitch St & 20th St N,38.896923,-77.086502,0,14,249315918,31029,YES,NO,,,NO
2019-03-30 15:05:00,159,10th & K St NW,38.9024,-77.02622,7,14,249315919,31263,YES,NO,,,NO
2019-03-30 15:05:00,160,Fairfax Dr & Wilson Blvd,38.885801,-77.097745,2,8,249315920,31023,YES,NO,,,NO
2019-03-30 15:05:00,161,Key Blvd & N Quinn St,38.896355,-77.078408,0,11,249315921,31027,YES,NO,,,NO
2019-03-30 15:05:00,162,1st & K St SE,38.878854,-77.005727,2,12,249315922,31628,YES,NO,,,NO
2019-03-30 15:05:00,163,39th & Calvert St NW / Stoddert,38.922649,-77.077271,1,18,249315923,31306,YES,NO,,,NO
2019-03-30 15:05:00,164,1st & Washington Hospital Center NW,38.928743,-77.012457,13,1,249315924,31507,YES,NO,,,NO
2019-03-30 15:05:00,165,Virginia Square Metro / Monroe St & 9th St N,38.882788,-77.10314799999999,0,16,249315925,31024,YES,NO,,,NO
2019-03-30 15:05:00,166,Central Library / Quincy St & 10th St N,38.88397,-77.10782999999999,1,8,249315926,31025,YES,NO,,,NO
2019-03-30 15:05:00,167,Washington Blvd & 10th St N,38.884734,-77.093485,3,12,249315927,31026,YES,NO,,,NO
2019-03-30 15:05:00,168,Jefferson Dr & 14th St SW,38.888553,-77.032429,18,0,249315928,31247,YES,NO,,,NO
2019-03-30 15:05:00,169,Smithsonian-National Mall / Jefferson Dr & 12th St SW,38.888767,-77.02857999999999,30,2,249315929,31248,YES,NO,,,NO
2019-03-30 15:05:00,170,George Mason Dr & Wilson Blvd,38.87887,-77.1207,9,5,249315930,31036,YES,NO,,,NO
2019-03-30 15:05:00,171,6th St & Indiana Ave NW,38.894573,-77.01993999999999,11,6,249315931,31264,YES,NO,,,NO
2019-03-30 15:05:00,172,N Veitch St & Key Blvd,38.893237,-77.086063,1,10,249315932,31028,YES,NO,,,NO
2019-03-30 15:05:00,173,Lee Hwy & N Adams St,38.89593,-77.089006,3,14,249315933,31030,YES,NO,,,NO
2019-03-30 15:05:00,174,15th St & N Scott St,38.89054,-77.08095,1,8,249315934,31031,YES,NO,,,NO
2019-03-30 15:05:00,175,Washington Blvd & 7th St N,38.88081,-77.090792,5,6,249315935,31032,YES,NO,,,NO
2019-03-30 15:05:00,176,Ballston Metro / Stuart St & 9th St N,38.881043999999996,-77.111768,4,18,249315936,31037,YES,NO,,,NO
2019-03-30 15:05:00,177,Fairfax Dr & N Randolph St,38.882629,-77.109366,4,6,249315937,31034,YES,NO,,,NO
2019-03-30 15:05:00,178,Jefferson Memorial,38.879819,-77.037413,12,0,249315938,31249,YES,NO,,,NO
2019-03-30 15:05:00,179,Good Hope Rd & 14th St SE,38.866611,-76.985238,5,10,249315939,31803,YES,NO,,,NO
2019-03-30 15:05:00,180,Glebe Rd & 11th St N,38.883921,-77.116817,7,4,249315940,31038,YES,NO,,,NO
2019-03-30 15:05:00,181,Wilson Blvd & N Quincy St,38.880012,-77.107854,10,4,249315941,31039,YES,NO,,,NO
2019-03-30 15:05:00,182,GMU / Fairfax Dr & Kenmore St,38.884616,-77.10108,0,11,249315942,31040,YES,NO,,,NO
2019-03-30 15:05:00,183,Gallaudet / 8th St & Florida Ave NE,38.90509,-76.9941,7,11,249315943,31508,YES,NO,,,NO
2019-03-30 15:05:00,185,20th & L St NW,38.903583999999995,-77.044789,1,17,249315944,31250,YES,NO,,,NO
2019-03-30 15:05:00,186,12th & L St NW,38.903819,-77.0284,1,17,249315945,31251,YES,NO,,,NO
2019-03-30 15:05:00,187,21st St & Pennsylvania Ave NW,38.901539,-77.046564,1,16,249315946,31252,YES,NO,,,NO
2019-03-30 15:05:00,188,19th & K St NW,38.902204,-77.04337,5,15,249315947,31253,YES,NO,,,NO
2019-03-30 15:05:00,189,Prince St & Union St,38.803124,-77.040363,13,2,249315948,31041,YES,NO,,,NO
2019-03-30 15:05:00,190,Market Square / King St & Royal St,38.804718,-77.043363,11,2,249315949,31042,YES,NO,,,NO
2019-03-30 15:05:00,191,Saint Asaph St & Pendleton  St,38.810742999999995,-77.044664,14,1,249315950,31043,YES,NO,,,NO
2019-03-30 15:05:00,192,King St & Patrick St,38.805316999999995,-77.049883,10,5,249315951,31044,YES,NO,,,NO
2019-03-30 15:05:00,193,15th & K St NW,38.902,-77.03353,3,19,249315952,31254,YES,NO,,,NO
2019-03-30 15:05:00,194,Commerce St & Fayette St,38.805648,-77.05293,10,2,249315953,31045,YES,NO,,,NO
2019-03-30 15:05:00,195,Henry St & Pendleton St,38.811456,-77.050276,11,5,249315954,31046,YES,NO,,,NO
2019-03-30 15:05:00,196,Braddock Rd Metro,38.814577,-77.052808,10,17,249315955,31047,YES,NO,,,NO
2019-03-30 15:05:00,197,King St Metro South,38.805766999999996,-77.06072,5,17,249315956,31048,YES,NO,,,NO
2019-03-30 15:05:00,198,24th & N St NW,38.906600000000005,-77.05152,4,10,249315957,31255,YES,NO,,,NO
2019-03-30 15:05:00,199,10th & E St NW,38.895914,-77.02606399999999,8,5,249315958,31256,YES,NO,,,NO
2019-03-30 15:05:00,200,22nd & I St NW / Foggy Bottom,38.90088,-77.04891099999999,2,11,249315959,31257,YES,NO,,,NO
2019-03-30 15:05:00,201,Utah St & 11th St N,38.883669,-77.113905,4,7,249315960,31049,YES,NO,,,NO
2019-03-30 15:05:00,202,Barton St & 10th St N,38.884961,-77.08776999999999,0,11,249315961,31050,YES,NO,,,NO
2019-03-30 15:05:00,203,Arlington Blvd & N Queen St,38.889365,-77.077294,0,10,249315962,31051,YES,NO,,,NO
2019-03-30 15:05:00,204,Lincoln Memorial,38.888251,-77.049426,17,8,249315963,31258,YES,NO,,,NO
2019-03-30 15:05:00,206,20th St & Virginia Ave NW,38.894722,-77.04512799999999,2,13,249315964,31259,YES,NO,,,NO
2019-03-30 15:05:00,207,5th St & Massachusetts Ave NW,38.900929999999995,-77.018677,4,11,249315965,31265,YES,NO,,,NO
2019-03-30 15:05:00,208,39th & Veazey St NW,38.943836999999995,-77.077078,8,7,249315966,31308,YES,NO,,,NO
2019-03-30 15:05:00,209,Fessenden St & Wisconsin Ave NW,38.954812,-77.082426,9,6,249315967,31309,YES,NO,,,NO
2019-03-30 15:05:00,210,3rd & M St NE,38.90547,-77.00213,10,12,249315968,31627,YES,NO,,,NO
